bodym dataset,,,
"Metadata, one row per subject.",,,
Downloaded by NDG,,,
,,,
subject_id,gender,height_cm,weight_kg
AhfyGaD1BKo0-u6PeQk2oI-Bw5l0XxpAqNroFuZuy0I,female,160,92.4
E8tDQ5IgdBwbjLIXu7GwcupEHYbi0eB18YNcsgsSbP8,female,175.75,102.8
59bc2767681516389ccf45f9,male,174.8,106.9
nRatvgqbYTN77typTgGm4bAurxzpvf5nYg2Mb3gdh8c,male,181.5,111.8
fkq68ww6bdyKT16FavI1x_G-u7YZ9SoT1GNMUTSJUek,female,161.6,93
7MvJ6pMSwyNUqLhEgn6cZlVZutLryVZVL9vZrfYBCr4,female,168.5,97.6
59bc2766681516389ccf456d,male,172,104.4
FdptiwTDmIhBD4tRHUaQOs0cyBjz89KJ3296tK3fTVw,male,160.2,95.5
nV9DFb-Q2_nOAvjVsdQfU8k4fFb7czvAhHHP-qkAxFY,male,180,110.3
Es_GZaoXVzviajUXwSoRzcovnivkqQpN8xbdqt2VlpU,male,183.5,112.9
SDeiJFKVmRceC3qDqcpQTyDnNDOrSB2SriupQya166k,female,161.2,92.45
ovNyxkRrq34hkn8P45dbvUPCZg6t3Qb6Iphtrxeqd1Y,female,172.4,99.8
HYLKMpRR-ZZA0GvRtRs5stQ0mPS1AmH92glIqg1DLpo,female,158.7,90.6
St1RAwweLXux_N5x-LD02AOSmWj34hxrjeg3q8SQhxo,male,196,121.8
FeunQSMTPBXcbjR0YGg_nMfJGJ_tLtBMI19jf1_O1ks,male,180.5,110.2
kJbq4rY7KCtD0ik0QWdzgPTcAAt4SXHnOOMEstRxGQw,female,168.9,97.2
oenot-0aaDdOZghQnGD7HJUBTM0mLIfdHyxN_IsrTCU,female,166.1,95.3
59bc2770681516389ccf4907,male,183.5,112.3
P7Fj7Yam-B8N2UIU2PCCVq3wZNCVx43pbvCaLr6Jahk,female,171.5,98.5
8OXGiJTp2phyVALrYrdH0lvVu-3sEjUHY-TGGXvwHNg,female,156.5,88.3
9WDEVwVyXeZPsmZ3vyB-AtLunvJjsp24Yls-zufCAiA,male,174,104.5
RmX_Gxh2RmFdRfFMJEwqaRRoqhcuFpqhG-ZjiKprUmM,male,172,103
VdIFFZDkEosz7ovVl1I36Bl1-5UQ86n3MrTNOn7bbYE,female,160.5,90.6
z8g60Y6KbwOUy4E9IISAHFzScXC51KTI7rzdiJ7bcek,female,154,86.2
y7hSR5UpX8vKoYm6nR5r0qusD8pl-sTK-O7owV0VIPM,female,163.9,92.5
P1aEQqvvzL2pKMO4Pq17rpAPVgluY9Op1dqv_caiRJM,male,173,103.2
uOvuHjwJCj0pqWmNVTjcbprS1h6pPRfNxdFvEVCkxfE,male,188.45,114.55
WsV_q-4hgeDa4aT-Gelcn-TsU3zBZ4KIpk_aHZAG8aI,female,169.5,95.8
JRxWV8PuWURsrbH1Jjs790x8alZ1WhE60DTZF7Sw6GM,male,182.75,109.95
141fFgYgNYIebFV2uIE7jmH7kHRAV5NMbFzQz7Her0A,male,174,103.4
59bc275c681516389ccf4198,female,167,94
KkcKYV7B1vYaAU3rhnwuJURVMpt_DsVVfOjKhQWyIUY,female,162.1,90.6
59bc276b681516389ccf47a5,male,183.75,110.55
MY3CwjtZZyuG5LA3zEnBVMp4G0PiQJo5xyLOZQ2OsO0,female,165,92.5
59bc2767681516389ccf45c9,male,181.9,109.1
atmWbiB7j1MyuIJnlsoDwdzSuv_0eqKCnLECAKK3vcg,male,183,109.9
W81GbQDdBYQMT5l7mDPGD9UkM1szFi6brOnMm0QZT18,female,161.5,90.1
99p9fJq9dc9r49WjqJ6wJmYIh5NpRDNjjliIKhN2nFY,female,163.3,91.3
qQOTtZI_-c558xi6ylqreJDMn_bffPbdd1ZmKGJTKvA,male,180,107.5
FX2BCVsOwJvN8jTO6nsyRWOfBhAU2YCtcKOAABH9Z_M,male,181,108.2
Ela0jNn0WXPUNlRmAP-JHotHLqBa9AqfCrd4CMie5js,male,176,104.2
n8freJbl-muE-nAC5QYGmba7phosloMOyFMeOxo_BCw,male,185,110.8
Pefs-r0yS1ClcRpjUKi5FU1NC7w920QUrokdZ0c4fiw,male,170.5,99.9
uAOOOjHPJ3RXlBmGW_om8GdJtFFic0Iz8IdGGMtit7w,female,156.6,86
fLxvU_dTtBOzidz7xh99ICzTaz4wuNFk0oLjCZ8HedA,female,155.6,85.2
QjI7V3xOO1AI6u5KD4WeyvLAaS_pr4ZsGG6xDhzHRpY,female,160,88.1
Z40UWDKpGeBI1I6HZD_VwgBMKwHxMIVn7tBiOghsZ6E,male,193,116.3
D4jRWVQxSD5SdIZooMH2pgR7modOEqwPCKG574RVCHw,male,183,108.8
vP1Sh-jJNg7AjHabR7sf1WRlUEiFa-Gke4hTuQkzhmQ,female,162,89.3
7pyqRwzwyeKrKPvQY0YD4dw1BdLlV_dzvXPvRPA9CyM,male,190.5,114.3
fThetEGzg5QWmpMHSnjGRYQXYXPH6UXYBpMxZd-0_Wc,male,178.5,105.1
#NAME?,female,154.1,83.7
FmgyxUyfXZdhV2BlpOlISUa68okBmPEVJi6Ny8eqygk,female,169.35,93.7
IiFA9usnpMOtdgyH3Hw-V13AzQoibMlu8lGGE61x3ng,female,158.65,86.2
K3p89zXx-UsYBby3S4aWeV9R5aM-T_lwmxb2dLf-LNk,male,185.75,109.9
TtC5LgtzmDEqh2FvMAvgRCzBpCOWSYgrDs0S1vQ3i_M,male,171.9,99.4
zds1X5WYB1qKkZepOtxgzod7uPtX-dghjHUf5GGazOU,female,169.5,93.2
pkM5J5U7Np7qVseeF6PLdqZWQdOcDRVOqPo96OiweP8,male,193.5,115.4
Ln93h-QpBiCetrCjogBLV0szB4r9JwHItcq7dAbq8Qw,female,154.5,82.9
xaq2jlOyjHdkBcpihC9DT-AGTxF1GGU24i63T3VewWU,male,170.5,98
UwbYVNhUg-Z7Vg1xyCMcWSFRj4AOQGpk5LtRS-kOwP4,male,169.5,97.2
sGpcX0Yq8iMy7jj5gJEpMC-1YcvbNWitT5S6X5YYhJI,male,180.5,105.4
NoP839tHlvR8LC8EAmB4xEvLRjJUrRrhc0_oIuwEBM0,male,190.5,112.8
59bc275d681516389ccf41e4,female,162.2,87.8
SHGPO9XrEnt07sVVxc95eNNyzpV_I8R_E5KFtMNABpQ,male,181.1,105.7
CKFPBwrwz49eS2XGCLmhIdY8uWrUvWIq52WKiNI5Rkc,male,164,92.8
QgfeuOOze8IVivTFjCA5CjmcZ2J87GUFLIq9O1Ruy80,male,181,105.5
uS4Nlsd6VQjC_MbPDR76MiYZCfgKQsrZG_UwbKzH20A,female,172,94.1
y78aCJqEaOUdDgPOeezXi7umAHL2m3duCPT9hBX1wnM,male,187.5,109.9
ErPNgCrUvUF92wqIZaBIT9t2vgP-T-ziAmtTWgShQWE,male,182.5,106.1
p_yVcHIa8_0dKhYnZw7I5Ye4ilVTfGUp4pwqdcjGKZg,male,171,97.4
59bc275c681516389ccf41a4,female,168.05,90.8
z0o7aFFYBEOC_-IjkRmJDhQhXZMvQnU-KGDfHH61XKc,female,164.3,88.2
u0MjoQ1vUciA1ahHpgs9v5JLbXFvWMHrdb6ZHmooDH8,male,177.9,102.3
IHApjwticZU7katp9cJaoUDOeGRX7BdEqNS5GEblrmk,male,185.35,107.85
72e6xpPgFKeAYYBN_LHxJRrZcwx9fD4-ixWA5ZZw9zs,female,158.65,84.35
MHSlcWpQY97n0ULNVud6441kEWnV1ZhIUSXp_LdRAwk,male,174.5,99.4
JNvYCjFCVizUSPlVWEiT5RvXAV3AcfPFkpa01Y_3DMQ,female,173,93.6
59bc275d681516389ccf41f6,female,159.5,84.5
5_6zLQOStYnD-rthclZGGQuZuVmj2UPdFX73Dt2rHjw,male,171.5,97
9Dd6Dz9YjZ4Ch6cyA4fFjjy4uY9HzV_CpAIbhDicJzc,female,157.5,82.9
81b1O682zPgZRAJ2Nkj2zrZRghiRj_X0lqqXC5E4GvY,male,180,103.1
by41W0nzxt4Gf5nAI9Z0Tn6nAkLxmqj1XMQ8thKuxHU,female,165.5,88.2
730fN81DLQtgxZ5K4FpOgJUOCAIgg9I1bVhmIXOQgmA,female,171.2,91.9
RtKCT7Vv4B2-hjY1uFTiLCA4OBe30BT7_rgFeDPrxq4,female,171,91.6
GZz1_lA8IKwVLSHb5fZCKDqucfDREPVT6ljopD4SUtY,female,155.1,80.9
7bFe7VxhOBSMEBgASPgM3QkOFW6-cFMHDHydK-nTdDU,female,165.65,87.95
59bc275d681516389ccf4220,female,176,94.8
Z-AaC65JmtFlUW8a_nGt5PiDBr-Z0WziwmuQMp0W03k,female,156.75,81.9
ViL7uZ5TDBNxeTDud_le7mx5BJATJAISdNwBe0OcDXI,male,178.5,101.5
PxsFhzWWdGKMvqMtrMiu7ToUSSZa4rcZ46ryRS8Z1ds,male,177,100.3
tyn9j47LY8cGgO8IP8uP1Vm5Fl6erJ8NlugiCYYaIps,female,165.75,87.75
Jyw0H54SwVNKsb4Bmt1jfwtKuvA1WClTVW8V2JOnAv4,male,179,101.7
#NAME?,male,179,101.7
OpsAHKwX0vH2qhmJul_yqJDkZ6aEfgL7JmQXapmG43k,female,164.5,86.8
EC66JDr10U3CsiBxBcjr9yDFyJWxntX__ubLEoysNcI,male,177,100
JtJm2KmKqA6oCQqOJJKOflI2bLAHwcc6AsP8PmsTqfo,female,168,89
rnCbgkcKJEpmQCBF_ZhCFcTMWiXF7AL4txLtprZ-rS8,male,168.5,93.6
DAidIHQc5eh1Eo_4g2j6WhWGPXqGaWU050M3TAJKsOo,female,161.85,84.8
59bc275c681516389ccf41bc,female,173.7,92.6
jfI-wKSa1Vzx_qrubhAmxjuohcN_Jm7qnmOgg8Bfz5Y,male,177,99.5
RImghWGquKp-Ol8otUz5nMKMoeJEmd9skki_80D5NXI,male,192.5,110.8
yq5Scc358deZ0smPM5s1QdKaSGCVrRPCoBDb5d7lRiQ,male,190,108.9
59bc2767681516389ccf45da,male,175.25,97.85
pK4RpWfdiM4ahJRpUMBX0C1RAg8HoB1Q9L2SO13tW4I,male,179,100.6
cx7H9JmRginjnpfFsEmrbkaeORyIyI6HnIfHMHDqKKY,female,159.6,82.5
xiIlFtub_tYSYAbklHkKFncM7qOhs6GkeRP1ftvw8h4,male,181.9,102.7
lYnZlP0DOfYTeYfFIaR6gxDDuamKtDqT6LX0fHjC8bk,male,187,106.4
znrHG0kR6ihoDtVJ3hKtsEv7efH8IcFOYL5va2Qqkv4,male,180,101.1
X3IgwE33Fglksdvp53AKTMnTL1txWK09MjhB-g_tOA8,female,171,89.9
Qft8SrjkyOiUJE2WWGWi5qioxAL6RfK9cpCKkzYBGtU,male,171,94.3
9yDE38ljye2XhcQc38xggbv64HwXDSbDkh5bb3lMNkU,female,164.4,28.7
f9px04DYsdWpsWM-8X31bHjQKI1s7OU3IzYqUACuGrE,male,174.45,96.75
59bc2758681516389ccf4077,female,167.95,87.45
qVgPlaShYxE8kMc1gKBzUkgjkKwH67HD-I489HIo_Is,male,162,87.2
YUkWClmyzjpdyT2OoHUfL6OAWqCImFUUrQfyN4YUNJ8,male,183,102.9
nZUlJ3oSfVH51kquU28D-F9NwL3UjnLsxtsY2y6qXts,female,164.5,84.9
ZfXnpj9JymrEXySC2mXmPwiAf6u_Vlmu260kJ2iI5Bc,female,155.5,78.8
7qSpZjKddWTjcy_CH8tt0D_FzCZX7aNGIKlkfPeIOFE,male,175,96.4
Kr1whZRnyXXBfX2Qb68APhgjTqQOJoNCbyiyp8KjOUM,male,167,90.4
UwnIrAKE3fgYAZAsGCbzm-2v2HpGfkO_9oQWLkH4X8E,male,172.5,94.5
uc-v1U8HMj6nz2aVav24MAHM1D6plrOqyrGqpU7EfTs,female,176.1,92.2
5a1f2d379f17b800040cc7cc,male,176.55,97.35
NeEHJxFxG632zWy6Ar6Jyr7TNtJglor-PW8tlqoHAPs,male,172.2,93.8
QiAADJFrx4hH-ORJ7WLmTlPpW1IS1vQ19Paf_BEVYPE,male,177.55,97.8
DDliBRlYFBCyG-UjlAVLiDG4nvRl8nodOUOtLxfu5Us,female,162,82.3
jj-ymAlKRw4gwssTUjghlxgUc4OSZPQuaAgrGKJGcQA,female,168,86.3
vnohRvRete12wDp7zCI0rTWOjQO1NU48ZzyOXpEI_uk,male,184,102.4
SEmnk4jlSmg3QtnZMtmBa-LkBg--17VtCby5OBK99YY,male,183.5,102
oWFBFFV2dtIyJFBBpNkjkPQ5nQBChrUWbW6wxMrxYWE,female,158.7,79.9
DYJR9xAeblKG6aQwKXKaxyK5toR1c9ih8lq8cztV52k,male,180.1,99.4
0wvZ5ZeHgraG0oQGr38yR75PmIG9-hXYnUWW0uJqWtE,female,165,84
-60o95b9oEE83BDV3GpsAVPA4TFvxuPPqtXEY5PApy8,male,166,88.7
WvGQBBNpSe532EEM3AMJdoxUoTyST19JL_SBR2urNRk,female,163.5,82.9
BUhmNtrPKv9T-5hUVF14PuEsoSx0VEobiP4M-T7dqow,male,186,103.6
P2napCkrkVITcwLhUfdanIOl4ysctsqjd_4DRNa4dus,female,165,83.8
7R6m49IITGG-lT_EavoGCfcnOBAx1QPM16fpE-f9iSc,male,161.5,85.1
PTlHUsHV7o9UT252M5WVnZ4UHD70AB2ki2h3-WTeFBg,male,170,91.45
GbOk4JbzF5zpkg24rqvg_gA8BAMUKFen4zBSFPCcQVs,female,176.5,91.4
WHDczZcoVMaf0R3uyGmU6rQO3uolcyFIWaeQJxgLVVI,male,179,98.1
Q1mrhkvdeveFY2PVxxtCrR57IGVzOJsBhBJqR3bVL8c,male,195,109.9
8WXn9BpS3RqbAo1DOnJlmkCCTLNop6r05u16nWlYo4Y,male,181.8,100
78aFkOzy-pjbj9lmsp4uyrbotokRlchqTKpxs3K6npU,female,172.2,88.1
atGuTnEF7KvrxEVHkLzFTY7gdAZ36gghFPcJHudLqXI,male,184.5,101.8
vtUetlQRnFggW0gU19iG8wdTL-KlWikPJFIEMbsIWvw,male,160.5,83.7
QW2Nv2ELci-jrh1F22pctTT58FcUFls-aiIrbIm5Usg,male,168,89.3
LqwmZFz9Zs0XAy0zY8sJEZuwuRFvikqWWqAZangX8fw,female,167,84.4
2vMs6p-qIdIw0mTEz5emgZpxICq3glcfyQM3vwB3vBo,male,185,102
TPEFC770c-_JCFBm69zaW6mwzy_cDoLe7CouTJkeK54,male,181,99
0rGJdyxMb1htbhTkMtbdeGGj8aPapDY8PlclNf3Ofy0,female,160.9,80.15
K9zkdznI6sNRQAbGZyM9qavlSHz1QjDc4YT_Nk9SxNc,male,178.5,96.9
4gXQA7YvC9wjEAkjxtjYg_1zS4JZ6WaJLbs3nQKKfnY,female,161.1,80.1
s_KuB0FTrJowaJCSsCAvl-4zKP_oPTv3VjKQlyXI1z4,female,162.4,80.95
7ouRXI3yMEy6fO53qEjL7WsQ1BatKfqA7D5NfWi6X-4,male,179.5,97.35
6EyWCpcE3wKknntg3-9XIpMMwmkrwqTKbaVc2t38YfI,male,174.5,93.6
gFblhzof-gC7PAXXnQ-foacnYnSX9YdOYVOS3h2Anwo,female,161.5,80.1
59bc2764681516389ccf449b,female,168.15,84.5
3ksASfe4f_APd1tLxccDtth3VbpJ9SgIcz5vPw7Y1os,female,165.5,82.7
3A5Rcv9or0IWuBb1I_iDlORBsIfkkhLI1j8QK5uP6AE,male,165,86.3
FIKdwgnu8NHVkxHD8cCqOboG8gQmA_Ere1JE40CnfLs,male,187,102.7
NTmudVTq3KXZsMxKbzh7FZ_Cwidx_LNAFffrMFwhizk,female,147.5,73.8
59bc275a681516389ccf40bd,male,191.4,105.95
AmedggJX7Rhsxnnl44fPJ5Tj4zIapmO_nJ_gIV3nHlY,male,183.5,100
59bc275b681516389ccf4111,female,146.2,73.7
W2KMv_S0_4Hsm2X-rx_6MSBFcpHEivib5C4E4eOnBzY,female,165,82.1
#NAME?,female,158,77.4
ExHvSn3DH-iqPCP5yp0dHLvKzR9chhSsrs-V5Nztrso,male,175.55,93.8
fP5sarrUu7-n8UtbrC-v1DK-c3H4Qpp9iDDoM1SxyTs,male,179.5,96.7
QN6awL28K1oOGTfvrs6JaebgAll0DiBRUmVZiVuZx2k,female,160,78.5
k1hi20BJAqls5jIB-NeHd2OqMOb27kUQyoZbB18qx80,male,176.2,94.2
Ucf-qtgMeZvQRaFlibfSZjYzSkrIPBEgBsCjvwrpYtY,male,186.5,101.8
GHBbDwaAvfvXX3XyEWZg2vpCJQyH6_xgMKorwr3v_nA,male,184,99.8
4d_X7JZm0gneZC8ffiFtMDo1I7gKKmN0V0ER7YrB8pI,female,160,78.1
BIgqCAZI0sAs9l6VoYb7f5DEalgi2C2UbnCcl6iXX0U,female,162,79.4
Xvtc1yn6vhpXIvF6FClUiuuE0lTTIgw6qR807od8xgo,male,172,90.6
Bwo4aB1FVh_V5rDzT7D64XUtIYW0ZjOAy6k67FYdICY,female,164.4,80.9
59bc2762681516389ccf440f,female,161.5,78.95
VchxmPjbff2Q9NFkNAM-ZcomUss3G4RYAwc_pryTIQw,male,173.5,91.6
OLBWnedUwa0ARUg1ZVSXNvBuk5yLHZrgyB84RGKdYeA,male,190.5,104.3
X1GE1aJVNlCd0S4_q8lq1f_3U6W6FV4dxxMBZiAZ_No,male,184.5,99.8
tnGB-cg-_pSmt7YQ3y3GNnX1smqoOnZBoYvHhIxFHQQ,male,180.5,96.8
f62_eizzmbPnIL3GPy72UA4uhPHb4b8eMwfg3-BDTbQ,male,176.25,93.55
Wkfwp2rGuRysmKYmeIPaCQ8oChBz3aE-R4ywK6Uczys,male,178.5,95.2
59bc275e681516389ccf424f,female,175,87.8
29NvYTuuEKc1Xrym-L_6TZM91S72J5H3G45mDsFXTnc,male,179.55,95.95
wF2Klo0rth7qh_o1oCnMTyv4ApfQTKluNJS2gQqqtFs,male,168.75,87.85
9u-vaMTZFzgzBDbB_7W0DzM9IUpAxQey33Uwvjo7q8Y,male,182.5,98.1
COXJIiTpnij6N8KobXwfdCeZ5CD68fv3_F0mp3SYlZE,male,179.5,95.75
8VeEyDejvLRbA8-2IJk8xZ0uZrL4FJqtOqtMOVHwCtA,male,187.5,101.7
bePP8GwB1nKVlVvjZvSDz-7IT8NHanHkLYuCqETpods,male,177.5,94.2
UQ2GM1XaDd8CXhISjirrgITujA48e9-JNBkpT5crPkM,female,165.75,81.35
jZ_TZuGXQhSV1FrFbgIjHBb-F2ze5pZQTjaO46_PZDI,female,161.5,78.5
peqbN0eHFV0JIsHpIDwxcN9iRKDbQRyZj8Z9LX12cO0,male,169.5,88.1
VdlO5OvevKp6LkWjHyDKuTOZ2LTdcB0a8yigC5evDjA,female,177.5,89.1
9M8tILHpx5CTackWNzCIbIj0IJjBSpN7nG0btn5QAoc,female,162,78.7
INqS66tGbCRyqtCOklRuhFR-Keg4LlajZfujjvCwH0Y,male,166.5,85.8
UAE7Hyh70ooJw9sM-KQdlQNz7alojnEAxsOlpFU-UcU,female,162,78.5
7ZYlxTERmHBIDp2DG-eUiSEMowbgMvn47rv5cU-lKMs,female,163.5,79.5
WQCNmdegEjLJopGh4wnLhlB59ODC54Nioo42UEKXxSY,female,158.65,76.2
Bc22uCvw7uMHbGioIywFoiqXPBu9_05dz9ptmmuPUaU,male,176.4,92.95
WI1vl-ZFYxHye2KnzTcSJtBF-i2LXmzx5-qrdr8NSsY,female,180.5,90.8
hiJRhc9sOlslmIb-Rp3XAguhcRYFpTGuTvMD6JvjDaI,male,171.4,89.2
NeyszvHjJ3aJ--cxUOQR12-MFqZA82Uityzo5zWJNRM,female,167,35.8
4Hy_wkLsPiPHDJIuoAkXO_OdyS0NzY45rDyfxVNtgis,male,177.95,94.05
nJFMmSoZs5Zs5-RgDcZZn8YTMctB5tHfa-q-Xv1CEaw,male,183,97.8
oz15nKHCHoQdBfn6TI7s2hgG__qe6NVVjwNYEKf8uLU,female,153.9,72.9
WrxffaQ938YfkO0xe9HgpYw8Y-mhYejMi3zzX9cNO30,male,178.5,94.4
H6vKec4GaaQYS0-AGcGjN9l6XyTruuvrcUjUDHxowNQ,male,191,103.7
1BrP3UbGJXblnMCCmaNTIbGGRJ6SqexqQoEqqFU6z_M,male,176.5,92.8
IsQFJLfyQDwpkDNLiJ6IBIwizzxKW3YAzl_4qgPap3M,female,165,80.2
t9Z1V2IlcVb9SWtnnR1JSTL06q7FCxEuYMrMETTOcyo,male,180,95.4
nMxtSMqdaQ8vFXyyv3RjKPaq6_NYNtochvAYm1MyzrM,male,196,107.3
5GI5rJ8Hsq8qZ9edr6qcA9cgwNzJmx0PAGxzpZFx3cA,male,175.7,92.1
nvr64DIUTZJbg86q3FJTr-oLxmPJ55Cm24d-XIPwzyY,male,188,101.3
_HX6htU4qfGZb8nNmz4VckuRaH9YVs9bq5JFo89yV2k,male,178,93.8
f-Kbe4rli-4P_CBF1ZG6rJ6QAHJ-Sx811nCShZKP28k,male,187,100.4
pcSg5EC6_9nB-gF5hay8T1OenZX3-08HESOONNxdlFE,male,173.9,90.6
7tMJnQwy8GllyZBOCK9-GSEBJVNATL2kTlOonwK_p1Y,male,167.5,85.8
uicBrPyYRi1_A7BeIUg6-tDnn2xFKcLQ1QNKXW341-M,female,165,79.9
MVP0z6Ij0LwHU-_FCzaVhOsRr9_OCwlc9ElSSK2vwAI,male,172.7,89.6
hsBaJx117F-ZlugN6j5r1xKiwRRVFk4hvIgx1MxylpE,male,173,89.8
C2_TbTQS8mt1iDuch-2UdIl07Aw7vZ9jqRFmU-5u0Ns,female,164.3,79.3
XeDRaHj5d6BauYMYPwEltTG_rY04QrkDj7AP0WuqOzA,male,176.55,92.35
XbtZkUysOe4F1PjI7R9xyAdu6z40H9L4h_UzcOjimXw,male,170.5,87.8
yB7E9wkbObCx2IbnItNECZraH370SZGu-Xm4n-hpxB0,male,175,91.1
qep3n84aaCKasBgO2BeR31QM8ZpVgzLqezLOAO_k3tU,female,173.8,85.5
hE7KFBMgARfu6_0zBBt6QDRaF1pKI0Gp4kzm2RGlICI,male,187.9,100.7
59bc276b681516389ccf4751,female,164,78.9
dcIPWB3L2cJm56L4j2ZV2B3eoHu1erjLcYjtxT9DcIE,male,179.5,94.4
ZG-ukcsU--7WfpbWk9E54gMvxvEt0zSUy_EQB3Lsivk,female,156.55,73.9
E7yXJPyBXY7qQ6ec2BR24Qp7P46IzFTodv9yt3RDrfc,male,171.5,88.4
vgF_c42OznlpdGNkmuL10jZlnGamSbMLTtCRMA90hOY,male,164.8,83.3
Zd4gM5Soy9BQMXPyqeH-bbSV_Tl-RAfVSEui_pDGfeU,male,168.7,86.2
Q0xb8LF0NL5XCdHFaoOj5XHT0p5Do8Ei9-IDRuNYOd4,male,180,94.6
hjX3l7ri3GYLUjX_BG6mAdOGDvG6fEUEKHDOeqbPUZI,male,179.5,94.2
hAjtL0vRWlY3-AgvjiphhV__7HHDECKI5J7E35ypAPc,male,175.25,90.95
VN8XgNOE24ghLuTPTSjPZfsE2oAJaUvwNmHUCehe7EY,female,164,78.6
E_mYXtWu7JBX9zqu-TJrEMuu0IQFJ1HzYLTHZfjypw8,male,176.4,91.7
6Nc20Wz9HQROL19rBmr93rQxjI53A_JPLrawfGg44Co,male,179.5,94
59bc2764681516389ccf44e2,female,165.4,79.4
VyPaujzgH47Au8wX0TP8Dhzpn2eD-6nt0au_A0ilpd0,male,177,92.1
59bc2766681516389ccf4599,male,174,89.6
nICeaDBtO_qgPeDvXMpKKieTd16GzfPSMb50AhP5828,female,164.2,78.3
rbqXSO8r3ptq7WprPA1JX6__MhYsUVsfts58LQjoBfk,female,158,74.1
T9eqjcfGhH1yU4l5GYiDDm7Psqkghqz0Ijd4Ycsdgdo,male,177,91.7
MFV5XDGBbcmrL2_oAiUxMEUXndPT6vSThBnnjr7q6A4,male,175,90.2
w4QLak14sViFntYhExx0tM4wy1u7Gp2VWqSbHOgO_Zc,female,174,84.6
HrCRAtTKdSCNMXrG7sGjzCQ5_nS9YCfhonwOpx-gYLA,male,183.5,96.4
GU8lJ9LgrxgM63ZPI7aLxUPqFtBQV0GCwrBbd-Q9alc,male,167.2,84.2
OSK2OpdvdiHXzX-5IyZVXyqrqIC4TbkGTeUWo2A55jY,female,184.5,91.6
hHL5Lxcqd34jCxO2g45S16J3J9dqVWxJmM5B0HEmULE,female,164.2,78
Y-AXGeJT2vKhNAbxii5kPW-HYR5ETEUi-8ER8qr8u8U,male,167,84
DchX-kL5Vq9LfgQfd4f5iRmcJVFniRcRtBPpfv5dEaY,male,172,87.7
tQIti8gz6zcsHCpM00XkYvmMoKu0psXq-m-vSKBiUjw,male,179.9,93.6
POrRNKsiJroy26MF_45GMYIj9GSQYqT1FHIh9ZmkcQI,male,190,101.1
lBh94k4B_fpqFfHMS_pw_1jthlieAw2E4LfK4UlD1tM,male,183.25,96.05
CeXq-ry7CgdV9VOSUTe1DxFlckss7pOQS1t__UWRib4,male,185.5,97.7
MA9HrkF2LuEC3BSWoQa0ehE1w5CWO0N-ENo7aXTpM0g,male,169.2,85.5
0qRH3UAnRSlRrPNxpd94zBYVRZViXIJ98JiQOkF9TOY,female,161,75.6
Td4mIqilWGsvkJvnFS4iNgYNa1DPtYC1niRK-azjLvE,male,182,94.9
HMwsrG2Hh4AHrLBd0NDL1ZXgEInQRxQGiN2RnT5c2n4,male,180,93.4
pdXpp5PYFQJ7GLK53JO7ASvIMtofhcr8LJNqMCS4YWo,female,166,78.8
ArCTyEI49rEdplfHwC9S0HuE3rvR4bllQp_3-wQldR8,male,173,88.1
Tmr6CYfbPz6eFTe9n_GhgP1TyZ9sCQryAXkgPFrO1J8,female,156.2,72.2
2XxoxDTOvtuoTIbSfRRHmzG621PArvFXEGQw7eLhTKA,female,158,73.4
0SyJzPv40sIj4x5bnMVcWLCvMAdjzQIzdn4_rUMwJ8o,male,175.5,89.85
YcxwHCr2YlJ9tIzVXoGqQiwAelfG9ffDLwbxkcNxA0c,male,170.9,86.4
EPzw1EmMy4-2WqBb_LB-GwiPzhsgyqRtkH3DpJl0O7U,male,171,86.4
9LL3l-OUpvVhNF3R6QYQyT3CuHu-MCC6p3xNFk8r0eo,male,191,101.25
mCSg7N-JBEONi5Nx2883EbRygYErTNtcAgsroNR3-hg,male,180.75,93.55
q8H1M2ZEMD0L5qVG6bYCYULEM9nJ1AnGfSwVD3ZHqzY,female,155.55,71.45
gB-Pgucmml-LBU6kRRKUxrgaAFk2wWj2sgnJyRl8QZg,male,172.55,87.4
TYHuMlCy8XKYKTcIHJLBnTlXFuvAqSJY2ASuQMrN3s4,male,173.5,88
TRuxsXb-D62dw0s-4nnUWMPAirz75DlxLhpiTE34d90,male,169.5,85
Ch6e6Z9FIyS6tVflcxYh8mvH-bpXl_wjt47fAAVvo9w,male,173,87.6
6bHu3X7FI046DYPDy12BIiFXdqjFfsmnCR29PdM8Pv8,male,169,84.6
aG_54Gu9ePArDNEocde5SJNO6j6uCeQkV7knx7MdUrk,male,179.5,92.4
NouXHWoRzvEgh1xxM89HpU4qFetVsC_Ib7DzixCIMQ4,male,185.5,96.85
Cqf3h3F0sRrl5v9a0RoFogAWJU3E4sH_7JRNxK9IX18,male,182,94.2
RxMNb3gTmoISfrr8Bq66_Y6mab1irN7S3JkFj2MxYCE,male,173.55,87.85
bj-RhGWY5BnTcaxjvNYJlI6BlEvTlAdZs91pmyQSn4I,female,172,82.1
dMIvH0SpSWeC6Zacl8XcYik4jZEgiv3RjUs-b1f6i3s,male,181.85,94
E94UMPZc3-uMfYi-RQKaVTIq9gxZgdqrwYROrJoU2oc,male,181.25,93.55
tnzCZ2q_Aej8gIWj11YPJLlkCDOEqmDvuLwqyliQL4A,female,179.5,87.1
MjymGihCG7nyeic8DITCiZw4B1jxJ3mfz7RoNe_CpRA,female,162.85,75.95
Yh-qLSNf_zUb88HuGuaWR7XwkpX-en5HAzgxqPoC2TM,male,174,88.1
lfhlyIu2R0DVbQGuCpr1KScCz8_CLUPpzwyD3tc18Co,male,177.5,90.7
v3PCZT6uKPNea1CY7sdEt32T9eMiuouaGXUx1nwp134,female,166.6,78.3
mZBum4Ul2F5DEsR19mBgDeFkIXu1udjoMSO9uRHC9h0,male,174.5,88.3
5a1c461fe7cb790004827640,male,172.5,86.8
ZU6-LyN0O-VeCvbPNyuqqO-FrAolF1beJ0mq5F-Xzq0,female,151.75,68.75
NHYTWvYxeqGl68vqemGdwryhfk8YKDAAT6yHGpcYTMU,female,161,74.5
l2351wsWOcvkR_MfXQ3uI5_DS5U2eMCkNQcxw-qyfFg,male,171,85.6
LrAkx-cGKYisCnYZom4wNlYDzVxCmrTznPmszYNooFM,male,175,88.55
Uk7zGibxh5H429fo1NWaD4S4eolNYAamBxfa4ojXqhA,male,181.4,93.3
fn8p7rW-oWRAM_Vaa4_QI5LosHcB8iBuH4NCL6sa-xE,male,181,93
_ZbrvhysbFi2QhwTKJwqtb3t3zwDDiMYC01HicsFUWU,female,163,75.7
rUc4yxBryYIYNvtwQfEXmFbgPyKVjeyD2wBIvez1ybA,male,179.8,92.1
EApSPjEmc7qb4yp3y2p50Xiv6LaNsRds8TwVXx8h_6o,female,162,75
SGYSr86YAIQ-rG6imvNMUUDbP-rLA3m8pglajFBEf7o,female,174.25,83.1
3k47JvUqGCbFaJgJEhEiAhXxa5O1yS1Ms0w94x02iI4,female,164.4,76.5
f2UZJQyHw_NOKUw53m3X4NjIFZRCHcWTZ5MQZwdgCQ4,female,168,78.9
L8AV1kOMRp33zMsQyVZeFe95-Hl09uh5wFdYt4BRDZk,female,159.5,73.2
ue3P1rds2SorwiUP4tCm0-7FzgMFwMCRwqVvbKo9jwc,male,163.6,79.8
pgzn5uA5mmZ0azyffDXXtJb5jnJMN_NeZL3kbGoCnvw,female,157.3,71.6
ahM-DNugLEwCHl26HWvwVtvrNnBKnV_YqWeKXVgOVpo,female,147,68.3
4loafOx5K1rLjyttpQw024OkgHFEIcG27Y2jCdudQJ8,male,170.5,84.8
04OpodqGqUfmMQC987slYUMexHpuafsAbhawWfRp7wo,male,173.05,86.65
8E60bRmOL3oeQj7YmJXo_-G4lKPKKIpG6OYyyc3cLOc,male,164.6,80.3
Nd9tQGPzZWHmXztXwfqP_CNNVoQ5a-YgEhcOnNMObTQ,female,163.5,75.6
21AnYyb6w6M1hNj42r0F4nk03t7St_L-JH76UZna6KU,male,186,96.3
baIjIMo2nxUwvkkIMLjkKabTsXMforHuPWVGupIQu9g,male,179.5,91.4
ecK-7LRnTbmywHKx0VYAePVNJhTeZGmqWMXu__3SdnQ,male,185,95.5
CM-k2sWlxOSS_H9bXQ268_o8gAVOdk6nsVPBJyWO8rM,female,149.6,68.1
#NAME?,female,156,70.5
EZf8GCv7WZ5l8j5itthrmnOTBx1GAYks9lIEXm7yFd0,male,171,85
8OKqZDzQXThKc8E4ithqthMcYG2HxoGCezI_x1gLif8,female,162.6,74.9
UrAHCa4DNuGJIlUJGe225VozWBkZpRce2dmQCRDbHfQ,male,187.5,97.3
CHjWSY4mzPg3abl5HB_P8fK2e3duHwHelNvhPIzNz5k,male,172.5,86
Z06eP0fGE6r4C4mNVvfMny0ZwN8WwHX5W10iRv6cmU8,male,185,95.3
N8vHFsQaGtPOz7hgeAexKpIMTsng3dMarv19O_VhSjU,male,181,92.25
6QUZA0v5ZRqi_OjovOS4Qi0KJvsOSqlt1I1U6Dy4gAM,male,174,87
HTWFKnEXIw05T44MGK2Wj-ti39yrly54SGur7zsyh5Q,male,167.5,82.1
4kjKtTvN9It-kBhHstGJ8L6vDErPrxyhZscx4mEMjSA,male,173,86.2
meW7irc04rTSjma1qnGWxm0czU9rn_s-d2g8j1DczZE,female,169,78.9
gsZ4AD4rXODGlXubweBxMZnk8Q1CpnZKTbRsuG2tPQA,male,166,80.95
9OL6hMUweRRRRi0GlJyvMl6IwqIy2Dd0EQPjU4ql6lA,male,168.5,82.8
6IwiX2LcrzEfK1BggHJ5O-kD7WevYobu44R94rr0n14,male,175.5,88
GvmMrhkX5kHFNk_H6YOaAozhRse4v5bguiGj7gEHPv4,male,168.5,82.7
X9EvMDlRRxrSSbfyeMHZYyeQmEP7PI0L7syGe6xLda4,male,174,86.8
enOqRteWy9sBYoAJJFatZC4hglVw_YtG_wRJ_lfJp18,female,161.6,73.8
qjI5gzFZD5ngTks54SsoluCXKJzmR0yh7utNvmupAvA,male,179.9,91.15
7G6_QGri4HZq5i-zrG3UfNOULWuKuWoKPZ9pfX60lu4,male,180.2,91.365
gqRxIgVyMryllBt0Bt3VPL5xjK_HM0aHda70g05Y2y4,male,174.5,87.1
jEmr6JUw2BDqbGO2XSMF9iFQhX8Zi5cX2_uTMlPm2Ec,male,170.25,83.9
O-a4oET_iJqLxoOnYsGNvUt67P20sS3-0h4-JYT_VUM,male,176,88.2
VoRwylOhzaK94MfUvYDcqvzUjivRhBwzDjaYxQQ9ZyM,male,184.2,94.3
EU_UtqmsPy2xW35iJcsFplr9CMI5BDH-Is0qi5fVYlQ,male,177,88.9
8IApUAdxeNrjm_C51tKGJX8OQlNv56uHxpjkqqy06aU,male,169.5,83.25
sCEkfbrKxA6OqB5WZ6HKBdaoenNQrFoQxjlt8xdjO68,male,193.25,101
0Up4gP44WpK3WbvwdreR2zu-Y9s2ELCBmK14pX_Xy6Y,male,175.5,87.7
2WBFpYzazeIV17Q2meXi_kc_aJZf-ie6rkhKrU6ig18,male,173,85.8
59mUFymokrvWt9wC3f2QT8rLgfIH_7dZv9C_9lDGmk4,male,166.5,80.9
4hWg8IZAwsSeZ6s6h2ACZ2WkYPTe8yB48jPxJZwbiF4,male,183.5,93.6
NmMb13HMjQsx3SPyqROE0QXqq26gamkQav-ThPHADnw,male,173,85.7
8PK-JTZ7W6YcmAysOpC6gylBq-f4mjEOjxG0eDEjonk,female,159,71.7
csaAIT3E5P3uy8GXAdLV3OsjNls_Y-_K2rYyutGUcFg,male,191.5,99.5
x1f2s_UJaYPGwtUbwUWwA_KRu6TkqUbomKd-l04lF2M,female,162.5,74
6FgxECq5zMuiTMve-_ub2JLqznhRofT_qnNM57YmHQI,male,180.5,91.2
2xxiZFm5qMJAVTRt3PwYFITQtRxLUHetHmjN_qp4D_Y,female,156.5,69.9
2JkNVU9UJRCazg-N1KxN9shw34GLR3C8IYhIut92eiw,male,169.8,83.15
c2B5JStYPEIlJ2AETYXBTXjztLgcpF1YZXsbwBJ1fuw,female,171.4,79.75
m6bnnhstozF5e3qocMoIjdCFW_yH6vh1K68T40-77SE,male,176,87.6
FNM6BdzPH7Jhr-wajdY13kpKGYoy-6wOH2FeN_ITBqc,male,176,87.6
YdgaL6W4QcBWv68YQvn23Gf_BRFXHfgIhuabwIVr6fE,female,167,76.7
95QV4fp-kUUuyLGld-fsc9qz-gsgCyECvI6vSzZiqoM,female,156.3,69.5
Y06QSv4VqI5OVtqO18kqviSdmguh1MNiJvt7aCnSkNA,male,170,83
59bc2764681516389ccf44c2,female,152,66.8
A-KSiAlbmLdaHtV_-A_n-6SEKsfkuYOJg8p9tDRqzwM,male,186.5,95.3
YzN7_E2tbgGxlrCU1ZDHJw9ylm4CpIRPmr2cyPHkl6o,female,157.5,70.2
QLWl4hAxVhedj3BGM7HyF5my3GJnKsXc51wfIX553Qs,female,174.25,81.4
q-Kf4CuidPFk5_kK6wmkeYfRrU4pfRvIgdkDeUAS-bs,male,189.6,97.6
3FskBFDRe7Xu3ed4hAK1oKVSrvip7I2zWLoEJ_QfWGM,male,183.5,93
_K5muTPRIwizO66b3dVSwsue_HMFWKRbct0hGMlBfHU,female,165.2,75.3
ovnBSPqpMWFe7XvT7u5nWpfi6FqnMUN45JfWEPw5ieY,female,149.3,66.7
jG6426g_B-mAyUsLoyWqhgF7OOBGPUSjYZg4NXjuYlg,male,177,88.1
gUk_2kICkEADy9i8itZo5qQ5UaACL4vcexkA8s-cnzM,female,177.3,83.3
Tr9EBfdrAl5oDHRK1sNYpdXqj_CFjAL4kChmViUgVvQ,male,173,85
qg64n2zB1ne740AL2hZHPDEyZg-bZ-55iWscPgYh74o,male,187.75,96
HJgSywNiNKZPY048xDEr1Y5tGGATF6u-XsTas7G4AkM,female,159.8,71.5
xoNAmboD80UChuSRkEHzXPFIkh5Fcg2iclcsYL3C01o,male,180.2,90.3
vk6NsCmopCC5j-Vi3Nb78pAEVsYNk6O2NkFueyEZyDs,male,164.75,78.7
opf_R-6m4iNqlLydoA2fqsvTWLcCUJAUaY0T8OQlZuc,male,172,84.1
PW8dOnlNQSNB1pH0OLBgp93-V6uCLs6ks9WS6Vg_2HA,male,168,81.1
qc3FfHbr8eUQpyG0rmJ-RY_9IBS_Y5HiPO6S5hmvdIY,female,158.5,70.5
nGpf1Fh-VHoyFqv87PtGf1hj-nrupvL6qdTafPpuTgU,male,183,92.3
uJfbAqPkg2Okh3LwSwVvQlZs4GIYC-RuCTgisPy4J6Q,male,165,78.8
wwRfbgJAoL-ClUneDMns80rl281NIQN8Vbg9gKbz68w,female,155.75,68.6
3mxoVpAOY5oJwWqK27jdkWeB-2wOJKm4zNTR1Utv3pw,male,177.5,88.1
mZ_PauayAxDb37B_M6Ztfwe1OCaxEISjEWn4byIMrYQ,male,179,89.2
QCS_XzowNPVZ6LaRgVS6VUwPbRWnZ8G6G8Jy4ABnbFs,female,155.4,68.3
sbQvj1s6jkDVhXgQ-r25lf6vvSl0TrHiz6OjVrWpd9g,female,175,81.4
3sB6D9ahz7CjOisVrAIJNqpEfD1lfw0Rb8mSijk1xc8,female,164.7,74.5
#NAME?,female,172.5,79.7
gaGMzDO-n92VMbVCqFxhJgMd59Jm5zyMLFbhKhT_3G0,male,176.2,87
Rb3Q0-p0ODVkC7J0Y-Ab6Hz1m-Zyhq_Oa51zsq5_AiI,male,167,80.1
D67omAA_zW-xRHauJVrY3pbpnOsfMQVGyw6MXw6BJ00,male,177,87.55
xiBzAG7Q6N9aw84ZIBPdKRaXxnpQWmIqPbNjkEfsuMI,male,185.5,93.9
TDhc1vcvsVwx-I9BuzL105aN-d8RWvn3vp549zbjSgc,male,175,86
3jsw1XBA_1g4boD4U4Y8XkO40__JV1d1uUT9j7YiX9A,male,184.5,93.1
EX2uDysebMMSHYDZ-DsEsQcZ6WlZps4W72fU0YRimXw,male,172.75,84.3
1O_1SXmeJeAIGAwsimF0FPABBDNeyt-g8sEjnzuFFm8,male,183.25,92.15
BTZCXKxodbga0YN6s0TRfWanSSuwHMGUk4lK1XQTDsM,male,188,95.7
vHjdwaRY5naOAXKux5fSUNFfUgRqIqfRUXY8v35nVaU,female,165.3,74.7
HfAv5nieC8ev9QiBBg_9Yql7wukmrR4qlsPwCKvkZyc,male,192.5,99
T7e25wwki0I_vszINgAJrfkfH2MTO1FLgHf0y3eokg4,male,180.5,90
97ZAAJ_g3JDh4dZyX4xLat2X0X3BxV45PynePYVq_yI,male,174.5,85.5
CWsXWbzlcZWuDV5IIDEaDHbnuu3RkVNWL-b6PfNcTww,male,184,92.5
NNvVzvXn13EFNgBJH5L-wp-YioymHGFolmYyJL3R01k,male,185.9,93.9
59bc2760681516389ccf4310,male,169.6,81.7
WSmLCYanBD88H3OW0ST0yj-TJHwWO7HApk-ZJX-A71E,male,179.5,89.1
59bc2765681516389ccf4510,female,154.9,67.5
7Xf_Pbh4kc7ugmPjUrw_RMa1lE1LldLC5UwK6EqFzdY,male,173.15,84.3
Mu1N5LbjXgT8Uo3YyCZQyaNuPv0xZXHaE16PInhyIi4,male,182.25,91.1
iVZJ9LLOQ63cM0IDdxu91zkaTJ0XhUPfIvP6pWpttcA,female,166.5,75.2
fXrC0KJ2PpFzE1H0FhCsgv10A-8lJGNewatmpT4y2p8,male,170.5,82.3
1URL293v7fRtwuqARugrJik3jCDPz73GZIcPzdhd56A,female,161.85,72.05
mXzX-SN8OC8EIWwSxv7P_JmQIr68tP1bgpx1EW04xNA,male,175.5,86
DG2gcnRT9376_LCvGbC18sj3awx9eam97m7hGIXnFZI,male,158,72.9
ERgXhIP8ECRfbjznIweOW0N1ebpTx-AcczTw2U1joqM,female,159.6,70.5
bIYd-jCYfbKxkqHlHXNsuCyscyetcLfFIq6bm1hcJrU,male,178.5,88.2
2Iurpmm5BrNx2U8gNfAS6ekexmbJdLh34ZvqfoQ1iKk,male,176.5,86.7
YmnKabDNETBQrZXEQj_XU089YldxO-iwR9fNSCDU9Ig,female,160,70.7
Z-8Kf8plKOeLHunn8BXCu8LVt1aS7oh04rmWR9-TimM,male,171.5,82.9
pgaplaTaTizCWwkyY-h3YOyc7DjT3EYcLoZ7Y-wKaR4,male,169.5,81.4
7ZwFOnlYH67Py8fGL0ex-hxRahg8d5Rrh2IFgI9tQyk,male,175,85.5
i5alF92czhmefg8Huuwf-PVqyc2K0YNqgyQNP4sKMPs,female,173.5,79.7
OOQDFUlKiJhPaGZZJT2DZho_zF3PUgznbuIKXXuZcts,male,171.5,82.8
5JaS2hAYXC2DN2pVXkPx9B-NfsTXYr5dcLdE7mBHs0Y,male,183,91.4
IMYB0pKXccbzfVl-qVe3NgiNYe8JtTigArh8EfOW-gk,male,183,91.4
ZPUhU1XBSYsCKMFjDPcIyP30HQG9zO6zU9OMp4peN_I,male,186.75,94.2
u1lneePh9BHam7nXq3UOqovz5yG5yp7Rtrw1iJd-R9o,male,192.5,98.5
QcyYsF0UTeV4WWk7qMtvs6QaTRvMuiW4mCCjXb3wL2Q,male,173,83.9
SoXRD34VppK94SA4pQ4frEtTDnoL0JHro9MzZmPSJfg,male,180.5,89.5
ff2l0wVduQecDKJ93xnEw-4iZAPEvERfvny-h7kmCIQ,male,178,87.6
k1ak5kJA8W_T3qmJJva8VQBsV4oCHmWFj_uaxq9zE9I,female,159.8,70.4
KIL2didw2nNdy66kJxKb6pXjzOtMfl8BG-bWtdlKy-k,male,175.5,85.7
VciGgAmp0kdjRlNdT5Rdysbj_YhowDsssmYFbiLuuTc,male,175.5,85.7
XogI1DmnfMrkWivE4-SbeIxbPeTbm5XhnCaR45EwPWA,male,182.5,90.9
CCHsOEZmSYbVoB3ecu47M09hpz0wKo9-Pm2qTUlzAJA,female,157.4,68.7
vyv9RXH_n0ECpHdz6y7XqIDfyU0zqZ-g3xweaBQUHoI,male,171.5,82.6
kOBRGSwc90LmUZQtflmOfNma8UNd25tNaz6gzFDO3Ls,male,175,85.2
k5LWbctDJYS1eaO_DTHL0-AZhtik4Xcs13GYVAXpj5s,female,159,69.7
oc2h59m5ItO-p044Geg0H9hF4F70AXkcfA-88K7Zh7A,male,170,81.4
r07mJnfLAzgEyz5m_Y10pk_bmMwES4T4UiAqeD8petY,male,163.5,76.5
_VOMJJoBpojhwpaLYWGDP6-nJ7byGx6ESNSn1vh_Xyk,female,164.75,73.4
Fkomw39WQwKtgdywx2IAbDRxGY4m0WaDoPdce714Y6s,male,183.25,91.2
aQi5H1JMXIQnBkyvEMYEDMKBcnEDIG87oSli0BVn0XQ,male,165.5,77.9
s4AP8XbPAce8ZoyzTFFkrlAfLcAQqQu_H2hmMfICdoE,male,176,85.7
zgG3ULK--fwWdzIzXGYheAzod3MxKp9Zsgke2_a3kq4,male,176,85.7
5a1eef5e9f17b800040cc789,male,172.25,50.85
ZpLFQK0XSU0y1zHRXiAKTadYQIaGhB3EjKLv_ByyZ8A,male,178.5,87.5
qlh6EoNuOlq4KifOwd7sb0yK_jvvb0iPEOngcregPcc,male,174.5,84.5
Dr6DJHkKjKrCyAcT1MDvaJbSbLoc6D7KwnqkUOxPat8,male,170,81.1
59bc276b681516389ccf478d,male,169.9,81
3dZa9Qrok4CEwlofhtZfnGIvGScjdKn30pM3f5U4nwI,male,197,101.2
HIVFr4flHT5mIj9iFPzrQHaYMNLObgz2cUmp3hd8Re4,female,162.5,71.5
rUi9LOZOzNvEIft3iJ1Upf8rNtLDXnwD18IAqudZ2aU,male,168.8,80
os8rca5LifuemvkzoB9-axuU67-vtctY_IUwtoC3oQY,female,175.85,80.4
wz-umYA1NHwsOVajgrrmL1RBo6f2Fx3FSVvr1KonBHA,male,166.1,77.95
l-gXZnHsBFmj5EGlgipMjF_8Mfbdh_tzYy30j5weOzc,male,185.25,92.25
wc_azdFhT2iyOCRehcDzjenKjCu6_V2YUqa2Ef0OyrU,male,172,82.3
SZ8fMi9suHoMg8MZm5RigqiTy9G3tQGkYjSO_Tb-LMQ,male,177.5,86.4
WnZKFDS9gUiYrJqouYB06J9iuJMktVcAU08SLCFahuQ,female,160.6,70.1
F0ta_j9i9j_AawISizXiS01QOOZR0RrVEQlyWhtkado,male,181.5,58.2
UBZXwmfAzOn4BKFQbN0SuZdg3d_OGwPuM8VlsXhZ8F4,male,180,88.2
AR_VQJJ8t4DkdPQ-W-FXVWbnX-gzSCpFp_uR-L9oQck,male,164.5,76.6
uXi436Vjox-vnD9lTjC-PjqqrwtRzTOmhLa4bhkuljg,female,169.7,76.1
kudcSOvAnm6tS_fEp0t7nRXTS4beirgkhdIMB6YNHSo,female,164.7,72.75
VC5vjhYIXGp2eb-WoJztwd0prfmLEp5aCeLQQDfwn10,male,179.3,87.6
NTGz9mxeuZY_IFQNIw4t7t7mBvDUI4L_WFVzASO4gLk,male,174.5,84
U9zvsIGhLB99ZZ54-NosYTTsxb9HOdvgcAIR9Hd0Pxg,female,172.5,77.9
bTO9-q8-ZZ32ReA59kcI8FjaZ3tN5I8dQqG8oPjuvZE,male,176,85.1
HEEDRE5AM9MDyeb4hMuaRTlXH17-6skZ10r1QDi02BE,male,170,80.6
RgxA2NY_qUQsfbRylNa2EkHdu8oWMuR0BVjVSkCMw80,male,174.5,83.9
epRvNO5VxduN0Jq6Rmz08wIpJyFizXVYOM-7tFJTGOU,female,157.3,67.6
ZvtEAX6rEG_fc23M2kuC0pz8ogojlBROm732DrxiUr8,male,173.5,83.1
e8lDA0HLFpkX9iGmxvFk-rGQdj-Hd2QK_C05x7Bff0E,male,183.4,90.5
9d25hpzM5Sy8yAUwZGwrN9NhmV1ZZjI_2YxfvF4A8YQ,female,152.4,64.3
AZ5hzYVEUK-ZTWjtXpLjwDTl6b-lRHEQQw1Be95nU28,male,183.1,90.25
76mo2dUguqyOIGL4bac3EyH7z3vFLMknog1q_Q5RMio,male,190,95.4
___N-yQ2K98VMoiVyAIsDEB-mM-r-eIaMuX0ihKxeyo,female,165.9,73.3
59bc2770681516389ccf494c,female,166.05,73.4
uhpH2ejZMnSrQig1lYQYnAR1oADqLRP4gk1gxc7uUVg,female,164.8,72.5
0lIFi-M7wr7XOQFsg7QCmllcLUYOTl7RDKmWT2sH38A,male,171.8,81.7
Zgf8WSdMEq24B-CHM6QcJBTrlgGymtFYzrrU1UrzS70,male,170.5,80.7
1EDRp_apkqyIjHTghIXLzqX30_MDFtPqhAYeUyF2tL4,female,161,69.9
m_DzcHW_ROvQU3vvfw3fLwgO75zkB80mZj8paA3DUME,male,175.5,84.4
asvnnWHmuQD7uWcz24d8iuATkuH7HrdUgv9un6xmb8M,female,163.9,71.8
5a1c3bd3e7cb79000482763c,female,174.1,78.6
sUCS7u8WIN8oyROc76GB5lrMQKk-ihfjZysBJn0EG2M,male,187.5,93.3
jrtkeqXLR65d5x4mh91pYX5oauB0Kp0BMjZwE6nwSWA,male,179.5,87.3
xMFmbjiky0uXbBCujAGXQHvXJz0nLCam1Ns4e2gC3eg,male,187.7,93.4
FW3V29y6wTEwo4nfLsQJW1RuwDi3A6e57J4q-wGcDt8,male,177.35,85.55
croSqECZMhZcVQsRyX4yRDtyImfD-P7uDuvbaNo08hE,female,171.4,76.6
JnUI2MIoEjrYqQ1Iq8nNAmvqYVZrSYlKfxVcc1VtR8o,male,166.1,77.1
666XqDTQMo3UcLooGsFTiBeRhsqb6lpKPuWJ9NgeED4,male,182.5,89.3
jHGOnglb7tVQ1lpD405w8reX2c_i8g927RPa5t3dJgA,female,166.5,73.2
dJc_fihQr7TwgSFRKd-oLUEwjjCbkgWwNxRFTqqWw3M,male,178,85.9
5jRtkerX_S4OdzjiEwlCW0fFR9v7AclSRaXaHJLKEiM,female,156.1,66.2
59bc276c681516389ccf47c9,female,161.4,69.7
WxgF-VrsRPvUJAT1Zf4iKHupnntfcecT7lRCbzNWw3Q,female,178,80.8
8_NeFeMY4mHqhfRnmfSscbTTByzF7e5kO78ewuBIvtg,female,171,76.1
rn_dgos7KqrbFrABkiPVEAjWMn-tIOqu53KliC4yzus,male,171.2,80.7
_qSFk0Ytyn4HHumEZa7orwCzyckqE4t0LYeGipPzHGQ,male,177.55,85.45
yNUzyGgE8w454leAPUJyfK-QivWU01bhmGRzYivMA_0,female,161.5,69.7
6PfWDvaRgenkGUAas--RGWXyvQD0NGOwdXSFozOjOx4,male,179,86.5
BQeb8XcTMbJ-ovQPTW7X9JiwPUIW28lL8REJ9yjQtQI,male,171,80.5
77csKdLCSitYlRyQ52C9fvGmti-1sM6a_BiioTn20n0,female,172,76.7
5a1f03069f17b800040cc7c0,male,180.1,87.3
C99I8XlVDb5hWLa_nVgvdpz3vd9Y715kFCrGD4NZls0,male,174.5,83.1
AQaWg3TKMsHldi2NRDqm2W6mtwmAyo-MNKnIYVt9Cjw,female,158.9,38.8
5IsuENU7QwftIF-Xu6ZQmn_xfRc2LVyd5V2-puckUkg,male,164.5,75.6
qZXI0SfrYMQ8UCci1ry2-9K98F_CxJ8Pg67dqwe3a9E,male,170,79.7
ruUChlhWH6x7TjiSLy_KREcgFsU0wQEcCf25PKt10OA,male,181.5,88.3
M4CDQ5dw5yfMbxuejEOqxuSzEnV459VW5flcUAFQg2Q,female,156.4,66.2
iFpd5co3UXPjUAe6mbPsoFh9aAhq2rYS3p58myDMEPQ,female,152.75,63.75
FyDzLGOBeCwseB9Dgn8gPzMwe_rg1D9yl4kLk_JMwig,male,162.6,74.1
1WpL1xrpK6-DNwrAp8FakKOzGZLAZmeYw17ZmyaPF8w,male,174,82.6
32pIBnkblYOJm2Rl-OpwpqzwwEPu8CzdWHn1lLH4Pq8,male,167,77.3
4rLp86ErZXEGFqDlzaE7zpMB5EAFQ5C1CA_-OXzfMMg,male,170.75,80.1
szjnIheGm31ZBT1qQVdtNiD8j9DEbpXX49lUJGGoy70,female,155,65.1
MmRBl84BUdcDlTs0CEh8xV-h9eSBn5T8Tza1cLdxxdQ,male,170,79.5
YNozXLwjPy9Sdb5-zMK9U5XVCoQWjPM-HJT-pJAVCjM,female,164.5,71.4
IwQ97eHHgtniQoUQWUyD0qApLlUuFGOA85Nz9kag_1I,male,180.5,87.3
hybbM8CSpwClt-tvvDJrHNq3KB1fPpkISYRyqHnHny0,male,174.5,82.8
VbArPJgfiazy--dHRifBZpNMtFsJ4sL_Yb5YGRMn70E,female,152.6,63.4
W_F3KSfslhBqdPufXu4utZpQzzYipDr0O7YAUGR3VS4,male,182.5,88.7
0LE2aj67f6O62tt6mzfTs8MDHtjuLkfVeCRgMRPRmfg,male,191.8,95.65
0y4e4KTgGq9H2hcWW9tEQ8bvwYYmAbKm8lVWlSg2l2s,male,166.75,76.9
0vRZm0dhtNM4orubmIwUF3jrQIrdfgT7muMh1MTc7JU,male,189.5,93.9
DPwt8F_vquY-OAHRNkzzFSswSXW12LaWFAzqeADFGFo,male,183,89
2SnpHngkOa7k7NIjwjyLFVIhGfi5f_4ibvBflvWlHTU,male,184.2,61.7
8TCRXvx9prqsOl9cPX3f4gD91SPZAVE66uNC6U3_4ME,male,174.5,82.6
bex37IMbrhQV1IpuDKpSyH_R2vyC2D2q97YN3GIr7Ow,male,174,82.2
QvECcBK0DBGDO8AfvTxS9NtMSJ8-kzMGM_rv7NeO3SU,male,172,80.7
TcEwxKJzyORPCfIGtbLyAakaUVieu5B21POby_KHJ9U,male,183.5,89.3
JQSZX02E8__NgMNlJ_18DT3yhCb5CfLnz_Q4LCunNcU,male,168,77.7
CPWboWZpCjaj7tkDaM2cpRavIrA3W0grLT6CLyvEo2Q,male,183,88.9
jZSnwhgdKrST_LKPrB_mkjQ15fZqihhPOuMmXtQPGlM,female,186.4,85.7
5wUPgA8JvIpwTirQOuB8m-lCcx1WzAlUEKu9OO3jpH8,male,193,96.3
MXUlhOjVoV_HNle6KaT8iuziR-K1aHdN0PVTxvjFiG4,male,166.4,76.4
NT9pVYCYjVJUv93rGE-RcIZ1SXERnAOVnaUgOW501eg,male,173,81.3
uOfQmgHgLvsAS6ox9WwBuVyGBbYap1_IrTCV6VWgsao,male,171,79.8
YvYK1i7nQjZwJgogdWxaua_UVKjXRw5cEpR12I3i3XQ,female,159,67.3
vesmBd6hOemqIxjvfj8NGFOgFQK5hcE4IiD-ZtifN3A,male,175.35,83.05
59bc274f681516389ccf3d08,female,163.5,70.3
22ECz4XgvzzUy8vVo-peN9oEhJiOqZo3QwBBuIpNyqU,female,164.1,70.7
59bc2763681516389ccf447a,female,160.3,68.15
cegx8Fn3pezIoR4wbP37mAbFvOYTTx4kZrcNnq73cDM,female,158,66.6
weWJRVmjDv_3bFVt1lnvOCUgMHld2PnPtKmuacm6ryI,male,178,85
kFQWHdudWw32Mboxwem7R_l1Ac7AfRDq8lXvnYA85hM,female,159.5,67.6
05QGDWJaVnG3hO2Zc44lxI6oajSeypzBye5n7HiDOyE,male,176.75,84.05
I_t_iHa3Pb9mihi3932MMvmki-Gs31ZOj0CiKO-Dw-Y,female,165.5,71.6
MtEI3iPNMiPKY5npP-NwXFGmNv4wL5fmJm_gz3w1gaM,male,177.5,84.6
nqv6bwK1uqNLONZs9FpR9thlIWuTS1qH6GJE7dMkFQg,male,189,93.2
Vf7Yx7KhVWQ4JpCSpF5g5eBpDiVa3guZqMhUyzJfvnA,female,160.5,68.2
xcfe_6tpoBQhft1CICK_W65_X7M06TELdwCdWN6mX30,male,179.3,85.9
nVpOVrjB1lX9c-PX6KRkqdy4OFCNZVUXPMt0NrbfYcE,male,177.5,57
6OyrNhRxOPZhUfhgHqZ0C1ye467qSp5Y_SzQfTTZbm0,male,185.6,90.6
avnvzZqP3rqGl9DaZIZwQYzRVryZMGrNRvQkmsxyjTw,male,175.25,82.85
k882U8w3gMLFKWB3D9a3W5DsMBYXoCuZPXFJxIDU38w,male,181.9,87.8
foAXsyM76uW2KP7tYzPGq3CpbaAb0YYl-0ByjoGVKrA,male,193.4,96.4
D0eXN6wb19lyHGlE8OOTBR6Xn7qPtrQIW_vZqXHps2E,male,179.5,86
7on0Aq8zXDK44F64ewSKeu7qCBgj0BNwUKgIl7UlD6I,female,157.9,66.4
S9GE5Oya-CqVSz_DNHS-sQr_2CemlLY7amKdVrsk2e4,male,182.65,88.3
WzKj_ING7wAOgTVE1DtvzhKEd0flOChvV03k0uXF1kY,male,178,84.8
me6W9DDi6oFf_-XnSWBG6DodoIp9UmCyc4sX73d9NUk,female,157,65.7
nh_ZxN4DvGlwanngZgV37T3RcojuHQnZE11sWsIw6h8,male,171.5,79.9
rOQGLF0OBGELMkPJY-JjgIMCcUO2PYAMdhMRVi_kpBw,male,179,85.5
_UYFK5WvPa-P2sVlG6NW-1Y2qvu3qWvmiJerfsvEcuQ,female,167.2,72.5
d-D6hRvXeP68ivQLxyl4KmYSzEyzUS5qcqsxrfwl_4M,female,173.2,76.5
aLu6gFXmE9MOBg_BCBJk3IrcDewI4c1P2Nzs5jCcxHk,female,158.9,66.9
GdAL26FVkYc_vRMzKGgIyOJBR7pwxqyP1ucDJUvZruk,male,170.05,78.75
iiW5QiSF0xKXDec2Xb2K9oFXLrQz70LWXUs0LezwEFY,male,174,81.7
if8bNB7-hVwhguP4rJr4q3frJ--di4y6zogDzHXRY3k,male,172,80.2
i4DL4-DHZELmYD09WqN366geaJQCOSt1TeXKhCGeoH0,male,170,78.7
BFc5dG2exM2V9y2QL5ACK_YqmXrT6_LolirPXkZIJBE,male,186.6,64.05
6DygBssi3bh-0jbhhfaeZGOZwojzTtHGQW4mray-UaA,female,155.5,64.6
59bc2767681516389ccf45c0,male,152.5,65.55
bKG2xwP1AuFbvdV60lDpmzX4eLm3aqfkBXsNxXa5pvY,female,168.65,73.35
ApDFanKIPc6JqHd_e9JRDA9_V-Th51KFbTd5PhChc2o,male,169.5,78.25
un8lHY8pzv7e8SOSo44QLNdPD_PcMp_hHnBEvkCNALg,female,168.4,73.15
AF_6MWdI2jDoTYURBGrWe2xm92IlwYc9HPU6jIybQDk,male,179.5,85.7
znV8NwKr-DTODq7msa0VSj5UNzp0auGG11oGWYIzWlo,male,152.5,65.5
1w7nIkCw-64YGiwLF-t2TG5W0gw4m_--U4AGmk8epi0,male,179.05,85.35
_Zl7SW6NXxa8ZF6BALiIQsWPGrAHlI7HP-jlNJJgMDs,female,183.5,83.2
1wnLRnKeD8J_SZqoNj8SaPzM4QHxSYwdhIuPtXyMFfw,male,178,84.5
UsHxK4GM1sZ4DfjJJoR4coooeTeEHL9c9wv6eapiPmQ,male,172,80
rb3jDSFUBedt6RwCFpsqYMWbUev_VfQHdsgl53MsB-s,male,175.5,82.6
oHv-WsmLya2pGjXGy7Mwj9Zcw_Wh1D7VjiZDysIuTL4,male,186.2,90.6
TW6ZaAGWau_uKoWlAo0V68CkLwuOtK7LynFsYNKLZNo,male,190.5,93.8
n0KH7rUQ0xDsKC2jKU1jnzAUJkk2qOWyDQP0EJFd6-k,male,175,82.2
WhU8VaDLnxRm1FAXSFk_z3b00WFeaxuraFMJ6fn9w48,male,171,79.2
RK5u73TC2KMl2qXLHIRhgKpCbt9AOfntD0lnBYWCxQo,male,188,91.9
dfAi3WWpAhDCTklcMbrId_SBtZBCRCiJz-E2GUW5kbU,male,174.5,81.8
QeM2XorlxNq4QlazMs-7rhh0gSmxLTaOiQHR6S0dxxA,female,168,72.7
AVuZ9mUs33ut1kxRBTAy5aqL5sjjBnIieerhQKSVEN4,female,162.5,69
aZWLWFUx4uySFGQJReSn05sW29GSinEAuFl5IoqieDo,male,172,79.9
IobbStbutxAR7KpE4p6lisXd64G60dx3H9W1Wa4_8I0,female,162.6,69
ltfgjZ159mAtD6e8s-nXozz-iUWaVDJ0WrHt8ogs4aM,female,158,65.9
ZiMMtSacpQgQIoioAnwWWaVRYuiFo1DJmxIHJNzHTow,female,162.5,68.9
_h3NxZ4o4i7TmT1GAu3-DlhEa6rVb2VQa_sOWklmwgg,male,183,88
n4BK7cRJclRIbsDzzYnvMCsuAwJrnvrM8RS8dgUrkyQ,male,188.7,92.2
0x-RaRStbYT1TxaqugxFubx4wwvvxaS4S4RXnEdxy24,male,170,78.2
VcmahEYVpQrUE-nues0J-16TIGPVG1bCIpDG8YOLRSI,female,157.3,65.3
3jiT5VXoF7XsjFrpxd7yjRdPORLXRC9yl-frqqzegzU,male,185,89.4
WHORlP5ldqUSBwo1nrbHrtxQReTE1yMNz9uZg49y-H8,male,170.6,78.6
tibhUXl23UjFiLcOCFF99gGi_lX0XzBwAGIwDOE6Pt8,male,180.5,86
cqGsjHQXbJ1x_kF1tBkpOIAet5Re-zBmMsy4uLVhAHo,male,174.5,81.5
kgpXTC6Xsq50_lio5aem8f1QeSKqK_A9n0inA-1A8B0,female,169.8,73.6
8V2XqdbUy-kI5tyySGrKNQU9XbQ8KoL20g3rt2vNSN4,male,175,81.85
BKcAmykBFFMpHkcQ-KJDzk6tPQ3ZsodfDxly726gHlg,male,179.9,85.5
BaRhVKbybxHkz7yGjtb8pPddlUs8O9qoQlvhJ-aVy6w,male,181,86.3
ubVAitnCo_I9HO37k8svKgawcY__4zv3ELSGh0ktRL0,male,179.4,85.1
18UYtlOrWXTtl9rdyTZn15jBQQas9SHzofFmCJwC3Xw,female,159,66.3
THEwqU40js1n9THdzHKyVX6jgnrohfzOOWqALF-UYFA,female,159.75,66.8
azlJZ02N1pu_ft2SXlHSyrLOu3BXofPu2BsKi-6HRe8,male,170.75,78.6
9REhywajso9jyHbIAggzDH4bfnCeoPS41C1DjrPDkb0,male,176.7,83.05
Oou9zXqnLOriTu0LP3ndMcnjJTQb2i5674RjAxO-t7I,female,153.5,62.6
3dexwlFNR0_Q_g3P3X6qYvlJDqalSsaRUSW0Gb9ARxM,male,172.7,80
#NAME?,female,175.4,77.2
5Tn7zQrKtW7V0DAU-3OJp5g3Rxq5NWe7hID64A-vgYA,male,174.2,81.1
bt83HhrkEtECc5zsfh3QLofyfGKlq3pMdRJAASFAkP4,male,166.25,75.15
vWFlbLfTUjToEddPoRHL53oszliCsgJnRA3DrfUfNZo,male,184.5,88.8
AWTr9jz168GTtnjbrdysCTk07lCDRKt7xoyPExsYJbk,female,160.75,67.35
C4lhsTVb9LE9gZst01WWtbVCB6yRT6AIZlzghAXpFaQ,female,155,63.5
YyjnHZS606s2dZorhsH75c7VXJCLRZj-cB-4GLn9X90,female,165.2,70.3
1wP6j4QiFLHGuLAm_s4df3xbuRn7c6TAX_N415huzDg,female,175,76.85
rtGBTi9ZE83FssWFBZJvFi5v52WDBjqIzHJqfhYaDRM,male,156,67.4
mnuSQko5b3nfT6pXHFHQCfqFEfgbT-1Ejvb3Ywt_Gxs,male,182,86.8
loDW8BPQvxL-u20OmdRtorKTBUD3qagDBzTDsJvnZTs,female,169.4,73
tb08T2fxSToJ6i-7Xh8ezs1aDkWoYFOOSqqI7AVSUQU,female,146.2,61.6
wfK9NCsWMRzQ9jWY63Sm2F3GCV3420MkC2-UolPBAR4,male,175,81.5
8ZfHrEcyQrHW0VUJE_PbKKjIQdV5SEBKuGczczf3QzE,male,178,83.7
i1m42dBATWv5brrfK1nzbEo4BlF7jkYn1vIrHFfE78U,male,186.3,89.9
4xR1BQMUliASz5DzVmk8q0l4OJQgvQQWttCNSDAxQK4,male,170,77.7
GUs7AZWemh8euI1tdR7BnHQ3M_zQO-TpuTXgcj2YENY,female,165.5,70.3
YFiBSxT698Q22i9C09EjlFp3LZMxGLDdGWP5Hb_2E2s,male,189,91.9
mv17v5Yut6vxJ99d7SMo7-yJ5OG02y9QWcAUvlYwN9A,male,173,79.9
_8Xwb8m26YfSLXyT3W3ktgvdeUz2ecTolNqd6uZhCQ0,male,183.5,87.7
no9mEnb8NFxLiMBVByg8fUEehgDTcxNt4M7NPIi_gVw,female,166.55,70.9
WVAT8JT-hegMDjWoKRevML3YbI7mDVtSXlQB0J3ec70,male,176.5,82.4
WpGCuir1SZ-mwFiDAsTdaB-71ihtRn5pHJ3Xt9Iifi4,female,168.9,72.4
rzu2ZrU0Un51iqokosFv06qyd8NnxkFc2PtpHTqQmOU,male,166.5,74.9
_u7Z0BwCME_s7MeKU31grc_GKZakyHju8ixEzhKNvDE,male,180.15,85.1
Hkq_WsP5mOrOVNRaYJLjlNihpJ00fORUWuN3zSwUm-o,male,181.5,86.1
FtkKahQT8PBxplm9wrVH-dSoQTvozlx_jTfWxbcWQnA,female,172,74.4
olebiZEFHBIYnjmdGYj2D11Xweg7woG3LoXZ3xeSfIA,female,164.4,69.3
gYUig33g91bGHlDv7hMbbsZaExw64mAP4JziIM_kX2Y,male,182,86.4
ebP8gLwO1dYeohE2_RA3GKGiJLLPFp6M7Ly_YH2ndJc,male,182.5,62.3
jHEARYzMUa9wBdlLcqTJsR05fs8ZnjljE8uwldMt1UU,male,184.75,88.4
WfEyscr3BgX5veF7fb5Mj0lfu6YSDsZGL3GwPMuVyQw,female,153,61.6
M9VAAnHg45vZQEy5PFtkbS_mlS0KKYpuUVM_rbe3jXA,male,182,86.3
CPLbY6ZD-pyFOqduSW9IFPmHCFn5PSATTg3653t9Dbw,female,169.5,72.6
_LTk-GvAMkoOAvMETPr_kc7Yn_IwlKCobBCXFW3NxSo,female,158,64.9
H5bknoN0C0lLje6-NMuSk0boQrWDmbQjhK9OdFBs65c,female,150,61.15
1dEksCPtmvHdXrxX4eFMK4g6U1mVMc1Jln7Xmw4Mhl4,male,170,77.3
qxaAxeRsvyxj304VJr5dNo6GRTvgg9Bdp_kozDvu6o8,male,168,75.8
mOF2Iw3AQtVD-ztvPCXD16TRq_eNshWti4w2kxpGzuo,male,179.5,84.4
8Q7D5dDdthAM7BK240hEoUVK5Pt2vt4sAYCjNn3e5i8,female,157,64.2
qO2JJJ3Ee8e_vihSLCUd_lLPfQfBkBsw3tFVMmy94MI,female,162.4,67.8
E7nVTJrt4u_NE0ng5HgEB-JnAxOzuZvzYqwUfliS1Yk,female,159,65.5
w76W76Ab73IGN31Vw6kDRj-8VR_KOJsTO-UW1jFFRZM,female,163.7,68.6
fzWAV3k0x3JqWMieJthp9mwOPXafwkry2mpHJZ6pk70,male,181.5,85.8
bMHM7SdGME-vAeg4QMc9bvY3jgg3t360D0VHzjHE3jI,male,175.5,81.3
OAbrCqaAW3pJE5CZ4IQFZbVuacN5J6rhE7eBJqme8HA,female,172,74.1
a_a3ejfYizcRKWqDSs54iUVtKnYhGq2gywiOGeCSr8A,male,172.5,79
iGQZ89E77m1umT-jDsz6zAS5T6qSB8b8acq6YsHFfeg,male,182,86.1
wtG3VS1hbhCZ1uA_tfz0jjFmWwxHJlmT38Kf-6if8kM,male,178,83.1
MRRpwL1LnxGuSlgB75qZkvbiwBOg7an478NWRRJhFZg,female,164.6,69.1
uBAsKRfRm5MXsOWXJqfSC1WAeKWdaj0Oo6x4F_eWJbo,male,181.3,85.5
lYIW_RGcYd5D7RCfzAn0ZadwEJnbSCD8p-_uq8W4-8Q,female,164.4,68.9
bzAAtfEYTvcUwHDx_a0yjF5OQfTSli80mnRsIYujCns,female,161,66.6
9XOBx08BW9pET4ZXxgXqQtDDuEo5bdVjbEiOOJqJ4_A,female,163,67.9
JcG4QthnKpr52tuEa9H_hlFSHDIe03EW93l-5RLsv4E,male,166.25,74.15
LhpKk8JN769XdQ3ri6vIcmu9Uu2zEIgxyqbrDnHLQD4,female,159.1,65.2
8lrTWVmtwtJGPW_DSzp4TFHjNcFRAs7IJczSOvygXpI,female,156,63.1
OXlS2SZWh3sRr98QBvGxTZKQBDa5h0TQOcSKd00noQ0,male,173.5,56.1
T5qOIIFa4FfGskIBVM5n3NdjF0HG7GMhg8i-xyq7wcY,male,167,74.6
k_ALk387TjLFRupaBKTlXxUjpZ-78TijOn7Y3Z_7BVQ,male,174.5,80.2
Po01HpDqWRcl6Y8hblHM1rATImORptJPZ4SeIfk_UjE,male,182.4,86.1
YS5aGZA0BXTamVHrllyaxu1KEQY8N3OSp5T7T4SMRvA,male,182,85.8
WqLeG39SwFanNS47fW7V8DfBEODEH6TXt0eU7eGJiCs,male,163.75,48.85
Hkc5qj2g1SaGLJ82HJpSaojJKyhdF-XXeNxUq0hMZrM,male,175.5,80.9
E8WLBaYIqWR3uHCUsVekRY8KnMNDj7SB51vc-YQ0M-A,male,175,57.3
GcZhyDSNbtxmLBhHArlnq9FFr5ZheFVWdHOuOCSmcEQ,female,151.1,60.6
B_HmsIJRHhy2Nz0cI3egjmWuu1BAEsxE__E_yjjxaXg,female,180.2,79.2
qYlb2EfOLZbw-sluXUOq5gcJJqpWXrFDdguVbtfB6Z0,male,180.5,84.6
R4S5zQac3r9UwZ_mkT3I2J0p1Y842bOqrn8bjy7pbYs,male,165.4,73.3
n0yOtw6cF3IUIEvaR2AhQHWDOeeF7ZRxRTaGIh8Osj4,male,170.5,77.1
6EfPJh7fgmLut392y-qHjFx3U4_cr7FzqXv9xXBfIn0,male,179.5,83.8
F62bkPo2vAFFkdRq_QK_2Vez9YTohUvOij_OAnI7Ysk,female,161.5,66.6
Wd8nygvDtDRTxX3Jom1rKIp_h31fMc-Yo7UueR_elsk,female,163,67.6
ixUxwoOqsP_X2vyVERFWgsytvW-LnVNKzsGH0qyqMIs,male,167.5,74.8
p9UBBzONdLw1-ebQJIVkn4mDOHLN0qQx1RnWnqksvu4,female,164.5,68.6
m70ndgfKAM_jHaYlk3InxW-JioR7M7Jrv51fu-wGer4,male,165.25,73.1
uiYjbCk669ecxx2gO_QOYEwq_tM2ysdwnJYC6LCPHws,male,170,76.65
yQJHEnCXuh-Rkejoihhlb5cQH_Px67F8YR5GqeEs2Sw,male,169,75.9
ylydQRqBfuQBAQhD2gWLuWSASwd-yNHmeB7ptrhMz5k,female,161.25,66.4
#NAME?,female,162,66.9
ZBQJg_JdaSMt2lMru1d1MZNNA1waMUIEbPppFScmQlQ,male,172.5,78.5
Za9rREo_EA88y7nYcGcRqxlKo8Xpkiie0Raizdbntk0,male,185.9,88.5
D5MgCWoXZKaws5pwM3efCY4J9t83gTcdmS5xWrTg-y0,male,171.5,77.7
kxH9CwuvoCoy93lDhjDtkA6vwDpKxRo1t6KirECKe5k,male,184.5,87.4
C_1f3G-Fy_rRM0SHkTaT_pe2C-1nph4BWwNGS3MueH4,female,173,74.15
q9BBi3lldQ6SpNgO0ZLVR1HF0zJ02OowzMoPc03_sAM,male,180,84
ZfLObk9jzT5gMkUV1M-Y0HFBX54iXkwgIj25CYL_B20,male,172,78
6j-1bjbi494bwHvPS-8bNxkoPOhhRy0Tqby9uXPco5Q,male,170.6,76.95
b8QMVZASbEi0rhVc6keOvzhxxr-kWjjm6k2WH7f9jVI,male,179.1,83.3
K_XRjXOCXSNFbOi6A27GCI9PJMJSmSMRfacbG6YGYtg,male,166.5,73.85
hiLbPtVcyMMB3zUdzjdhu-M78PXMUByh506hkZpqzgY,male,175,80.2
alqJXcX3mknvjkZRqUwW2rl3GtU0acNIHRLdJ5HpROg,female,157.6,41.2
SBAJJtSt30mW6d7I0tcNAfCArXRNzOABCb1TY4qq9N4,male,168,74.9
LIZFonGXPE6zHm2vvXFEn-7NojsZnLo5XQxnYr1eG9c,female,179.1,78.1
R2dKfCDJQHFZH_8b0YP1p0k_uYowFNx37BmijYalB7M,female,154,61.3
jpgaGazUIlQUQgPVb9GkoI4MehoxzzBuqz8lg4qIKjs,male,171.1,77.2
zD8Kt_2XqRhXRFHZpvkIk57EYMtTCLWPALjAbFIKfo4,male,173,78.6
nPHamFdUaSXyGPPAPw-ILDnnHjvnHkP-T5IiOOC0Q_k,male,184,86.8
eGqpwq4C8Q0UwSePXwyWeFMs3EPklDWH9OahJW7YafY,male,174,79.3
HM63rotbsur7xcwJYFHaZnmt1PXSXKkHARPRsNMcLXM,male,172.4,78.1
Ivrs8ftoE3vUVDxW8ck98It03rOa_Dv5WI2KKizXFVs,female,157,63.2
C2pXz4i3cHo17Qg0CiDg0JrK1Gex-MV08Vl3C2d6h4k,male,174.25,79.45
jnqncBOcs5waiY4OSoenSOGEQFHVoxdQNVbP4Hu1d3g,male,173,78.5
rqtGE9A1rD3A4SmA9Yqwi30ipbXcpspJpBDoRyiBUR0,female,170.5,72.2
1FlMko83MyFjTP3omeOx1W4681uhSXnoRR3033NvgIQ,male,169,75.5
akyAS_GhX2cXENx2vaAIO6YpIbz0uleQzFh63PFBN58,female,168.5,48.7
xKwQ25X_cBlo4v_7JJoYN9jWSY-MyA4C9QMM5xviELs,male,187,88.95
WfGr_MS0K0pPWOJNdTxvWHVyCEhHJ3ZPNJ9W8wfCuAI,male,186,88.2
o4H4g9fCPDr3Xo2y94JrLOdXILEkFoThmXshoJIlXNA,male,177,81.4
59bc276a681516389ccf4702,male,184,86.6
Jl7P3QEvzUYthLKj4GKVLYxq4aeEPTe7gpr9L9XksqI,female,156.5,62.7
q68ers8KpX1SPgX0jbGF-cK0SOLGfikQ_tJlyhVGO_Y,female,154,61
GpkhlpuszLjuM1kxQYLm1dTntansHENN0m19dOGMrZE,female,158.2,63.8
olb1KgewwcknV3nvvfqj3tJrItnXb0boVYwQGAC6dAI,male,177,81.3
ASEvBkXrwsRq1uGPl2JEewV2FIl0v-eKHpgxNjek2Xk,male,177,81.3
mPEeKV6ayBP8AZEpSrOlZH52Y5hGFzTp28UEVFaivvc,male,179.75,83.35
NVE9XUtowWXyTkBoYYC2zJkcJKp8Mwf2QbGc9D5CDGw,male,171,76.8
3IuFMuxOGgrsnMzvxLln5FuovY0dDmgrEjYVS478NbI,female,170.5,72
2WFZf0LKl0M1kOXccb_Yj4jpwvNPuOzVKrIwHVC795M,male,174.5,79.4
59bc276a681516389ccf4711,female,166.1,69
YGcZ3h3vEPJuVKDUTJ5H3JOD0o7baVKmYJC6y1TpMto,male,152.5,62.9
kyz1oqvKhlrRuTU_bXVI1qgTBQkB6FqPDJLRCm7WysU,female,184.2,81.1
taHC-Pu6QIN7Hwnm8L-LKUT1djCbnSzOxBA9OiofoDA,male,171,55.1
Xs1k95LUvS_o-PlyPIppzxN6t_qt3oPuTjBvwInL9hA,male,171.5,77.1
Orbyk3iPXYvSdz9sJJC_no7TvLkGljXwfgP7phGtk0I,male,181.4,84.5
uLc90kNvde_PqSGhEhwm7s-hpzM4y8fj5cu2OcSZxIM,male,179,82.7
HIC3Qs6HRI8zNC-w8L_G9cUrLk7ZyViJ_CbJ7D_pwYk,male,187.25,88.85
oP_caYV94VClEmcKqdXPcwfMeQYmYdeW5LbFijNGoDE,male,167,73.7
Lj94Dw3tjHhOcMKc7jYuqh4pxx6aGWI_BJ06yNf_IxI,male,178.25,82.1
cts6sjxMJvpX1LXTK5l0orU4IVjqzFjaYIeAchvtqn0,male,166.5,73.3
VoN45rmK1MdMFGVMbMMY5sS5AZxznZl1BFput-G8gdQ,male,181,84.1
cpO6yRB1L2n-PLWT8a8Dlx1fTqWZw-KVtRFn1lkoYHk,female,152,59.7
cbi5o8uB6vm_EucKeEnWr7tLbEpxDuXkedWMJRE8bVs,male,160.5,68.75
SiuORojzbHGW8rsuEbvKA_geBv_0RAciTzfgntReouU,male,176.75,80.9
WiSXmPXCqXdb6gVTtmwgDi4_tWZ4pOJw9ueu5aVA824,male,169,75.1
vdvTDSjhRKHZHLUlzHJioKgrnnNDEyfmvq1ao3LurbA,male,176.5,80.7
9gXNSs0fKryeE1p3HbJYSkH_gv_ipvySjQrz90dRHN0,male,178,81.8
51HidTEgPHaEqb36iJpyrH8_lPnUIXZYtl-DuWSj_4g,male,174.5,79.15
BWyBQ-edyHyT2dvptC8hXDEVUelbmFW3KQdWMldEqTo,male,168.5,74.65
JOSOCIcE1LYHt9ifJhWLxEDauQpJHyLkMfHJcOt5Kvc,male,181,84
RgHFQC0AYP9O4OaJAasa1xVK6RznfIPHAI0nmCFiehA,male,175,79.5
UZdY-KuWhdK1t0H-PbopQu2nhsyPOPXHt70KLbsf5P4,female,163.5,67
nz2mzZAjLRJlu4yf3pLDwxKY9gL_sw_FVCWP8PyNSRE,male,167.8,53
5YTAOhzULmQZbDyi-Obff7wss6yZSSC3aL5e1gYje88,male,179,82.4
UWASPgFJuSCTGcnhDbYA1z5msuGUFK9E6KGdBVxT4yw,female,155,61.2
QD6ovtOw9zxOZ6WdyfubnDySb43N6CMB70x5nzS257U,male,182.8,85.2
XAzH8SCVMskROSgnRfbBEfk7xKkGQAnoauOQ1QfPFYg,female,158,63.2
cwqYfrGaQlGVOCmAywhQpB1MSITNma9hzvJGq6g6deM,male,176,80.1
5hQbSphla0B_izpqBLN1pmev-FVtgTs8V24q8TKdfT0,male,172,77.1
e7kJVrTl7RY1OlQBLCaoKeodTVpcv_hDbj0YT7b0vrw,male,179.5,82.7
aPk9GVQJl8LQpsO32x2Ge7h-yysVmZYxKhRcDy0eT_s,male,191,91.3
pyuLlOYPSylmUA3brMMlIpsuuizSfDnj7U_OmaMT1A4,male,183,85.3
g6Hmr85PdUW_mFEj4Z6MvlTH6rz548RNd8KDtX7k0hY,female,163,66.5
WeeTLunjnmwHVaWcpCGbyYSoLZWKH9CPWmYM5lBzCys,male,169,74.75
9Jwy08xvevibs7xzvv9w0SUAsX1lx5HVeEixVJWtWvM,male,168,74
6MHkDyybTIapywHVfDdNDF9gZ7RnXdRuZsRgej2Jeuw,male,177.25,80.9
07e9Xq9EyvLh2Ub1D-IrXCKwYPbtbcKliFRPevZsW5Q,male,169.5,75.1
59bc2765681516389ccf4523,female,162.1,65.8
YNI8EEAK2R7YYv0plROGkwwCB3MasGFzshlOxqXdv0Q,male,175,79.2
skzGOYxbS_sPEDnG9T6PZwaVNso_jWK6KnpeznXfw4k,male,173.4,78
yFwn7aVInJZ3B8jS-mJhWYPwTVQHndSgQiahVTBh5fk,male,171,76.2
WN5vfoa5N3L_TefOY_LT6EtCWhKor__7LmepFzJPudQ,male,189.25,89.85
Jq1XlswzbHZYGtIleoPLVpREae9PGg2X1p7sBaanq_E,male,180.7,83.45
M6VgD6r_83GpclmUFF5AvByf2g0vZHHJ4KibcKPUz4o,female,167.1,69.1
7TZRKpjUTi7l6HsC5xmyQ9eo2xFkr7qWGvvXepXn19U,male,185.5,66.5
M1muFKjSI5wj9-wBh5LrgBgLuujJ0hpuesndt7O2Xf0,female,168.1,69.75
TXB0Ee-2h2L6uQJlso0-tsOjvxq3Gyo8w4p8piLs4M8,male,185.5,87
GDYTyheqqqyHQ1V0nV7Bt4XUO_l96BpxQlBLHbAoKC0,male,195.6,94.55
dkeGTec-id-KqQ6ZACRKErpnr5BkwGwe2KPKxnpIVn0,male,189,89.6
5gfj-28LyuYgH-n7VKAyoMTnOYZMpyrEX4-r7kMpPUo,female,161.5,65.3
zIJRdWHg4VGII2gi6UYcgGCRvU9TTPYwZgytyyDF_FY,male,168.5,74.25
ahbimrk50aFcgnJMEcMICxXsz1m2pNVIgrFLyMKhBiA,male,177,80.6
1h1YOTgYdWkDBeOowQ-UOSkvmV6JjhMOMvP8xNGMg9k,male,173.8,78.2
bpyWGHqAZ_F8jjeg0pH3UeLMZ0Hp2Afwy9pnuLsQiN0,male,180.5,83.2
YfDcP1ZRHwE52-DyoUNJZ_xr4BI0sgaEwoKRa9PRbH0,male,191,91.05
1xb1HyZlruyHo-LV5i4yYBt8JImpxS8qkXIsG6Pabqk,male,168.5,74.2
kLbxk6RYyVTXN9utH5phVjw6H7lc21wfUA1WCZVA7Dc,male,182,64
TJjX3J-3iPEpXzXvRTGzscpZesSkq8B20bxBlVHSY-0,female,178,56
5bh-aFAhg94Porc2ppzvDwZ_632VevJMG-wqDz6mEJs,male,174.5,58.4
BNldbDpAydeJs9HMe4pjl5PF65x7iRBWOhN8P6lTKpg,female,163.5,46.3
D5MxWVqkLBI5d_PXrkDBVQF0KdH11UceoNFdxhby5Lo,male,181.25,83.7
UJ-lC5Qr0xris1r9m23uwU-CY5wGgUnWIaa3GuPQXlI,male,178.5,81.6
59bc2770681516389ccf492e,male,177.5,60.7
SvkY2Ysx3MDO_ExWKwetY7tv7FMNABQ7lWEi89y1res,male,161,68.5
R2oQsZsj0aVNB5JF8rS1AwZranVfJ3b5YWVVZ1etG7A,female,162.5,65.8
59bc276f681516389ccf4892,female,163.85,66.7
iqh-P4vqGKCTAkySq9mt7oqpEujpSiENp6W7piq4iNg,male,193,92.4
hi6qlhy777TGbwo57JVAK1IwxCpuku2Ks7x4qbVzvUM,female,157,62.1
lr54cFjU6elmXH8qEEp2x-Lrk8CumglhWnKIoyQQfdE,male,181,83.4
fLk2rh4oSbNSv6Vr58BjFk_Qf21Bjlbg7V6-ayJiLAM,male,175,78.9
TvWsHx0TePJqwHc9gERhvxdvitxWMiUd62zA6G6Td58,male,175.7,79.4
r51xiWOSHi5mURV_03yspWiI8q1wvlXqwlVn88NNcb0,female,171,71.4
nL8SIHTjONEByo1JztFA9AVcjrXz9wOHW4yzRYwF_J8,male,172,76.6
6pdpwmyFhQBOKSH4n1ykZQ6BL2tWTf6ddaF_golkq_I,male,173.5,77.7
C0rmfpGsQBjErdJrkM-Y1_LWHu1K4s0L10e3BfcR66c,female,165.25,67.5
nUWW4_KfZICmN5fvwIGIwD0ZCRB5Um_URm1-dET6r-Y,male,172.5,76.9
uq1O6X0Y9q7pFMxvqbCnoSiEGqIGFzL9cptWlRaGfT8,male,184,85.5
YwW6NRscPkhUEJcdRaXcc4IPtxUnWRvbayE_BzLpBZc,female,168.25,69.45
oCR2_jIGeAq0IqYJOiompcg3HuhvGx3G8cstwrxai7o,male,183.5,85.1
tEKuOjDmwBoCevtE4mx2nbBN_cLFn20UlJKJR3qwlyM,male,171.5,76.1
B1EmAqa-3fmzu1QK7URXNIRTDCHrCquueFZNV7V5MHY,female,151,58.8
UmHgIHN4PrnkAQWznf9jPexwHD8dDbfWe28wIuSDECM,female,165.7,67.7
h6dLO_4PhgepvgtNkD46WhnTIxOsTrxyASLvODgcGk0,male,184.5,85.8
TxXk8vYaUjs-OZCkoa4VOl7qEsR2l6-WPcHoRJbfxhs,male,180.3,63.1
7DdeFkyViYoPa30dxDCuf5dQ0ozqHKwzj3gKGZyBGrY,male,178,80.9
YSj1PU4BApztzlYwlSH_C6pUGl1ZqLjjbvu8rUJpp-8,female,168.5,69.5
zxWNGv-MTZSuC0Nx6fzyCJKLlpsfXZ-MDRmMX7pIKo0,male,164.75,70.95
lWosDwk9v0WlDhLh-pvR_9YLzzzL9T3SmzEIt54NWpg,female,167.2,49.2
xoetielk-jHR7YRaEhqDYaudPd0mWBXe3g4tx7BWn2k,male,180.4,82.65
moSoucNK9FIMD5_Tg6E9GIyDO-hh_E7PZOgFMRoOu1w,female,164.5,66.8
-ynFzSsRfz40hlq0nzQI-0iG7wNcnj_WYYSsdOyy5wI,male,165.5,71.5
2eAFDpd5_d9dDkD8Wufm0nmGIXv5zqtQIWLWQ5P4M6c,female,165.4,67.4
mxHdyqO0muEOOY8F9RPm4GeZqhWO1pjThEJFK1dkjHU,male,169,74.1
m99OQllmKlgocAaVE09co8PhQIg6T-MxzDlrm-0Cjm4,male,190.4,90.1
tiAYJnzByCVYjn5nAAVLhmzkaAWwbwxrudscG6replM,male,172.5,76.7
hlmzuLA4xyQUXDr-oK3IABc-jhnEPobq0j_8qazKNNI,male,184,85.3
gA27ObOs0JZs_558iL3nBrqSuHe5mMMa9QYPsw9bjjs,male,175.25,78.75
btEn7I6xi14utKM_CN9CqdnrCP-4yq6egUsBHfS3WdI,male,185.4,86.3
dJqIe2osBu3bKEUIljV6-vq3Zw5ocjAaaCAqumhc1QU,male,183.7,85
ZcCzgdDKMPR4oPr0c5GUXYe6fnzYwdUuEMNpbY5dMzc,female,171.25,71.2
DNDgaE6BmUFno7fz7Lv2jHwHZ7Za8QFpLVa0hgdtcxk,female,166.5,68
wXVCq4nyO3JYzDSQb9wB_wYHSmWme3NJAJQ1aPf75Co,male,182,83.7
z83O6aUc1qpDFMp7wl3jtTLGvDJX4jwrSOT6frHt0aQ,male,176,79.2
oSmR2EI7gSPSK6CMthxoVUFU3BJ93YaAMVnCF4EmSz8,female,156.15,61.05
pUBjnp1v-_G6KQHymv70x4a8qg_r_f-L7RbMKnMbNC4,male,175.5,59.75
10YcTVisuXzRDPGPFNYphp0w4emPdwGN6E_AdsLTuPE,male,191,90.4
Z7fkTe67cfrHsJ3PSoVuhD-K3EcFO6HATvSnOK-kbPg,male,177,79.9
qZ7bhYR_ffKpcpSwBqoIIKCnWKb1wcGqnJaP-iBdGIY,female,172,71.6
Q7mU0hXmoLdyNJep0JFlulz3lLODrEnGPuKc8TMdcx0,female,163.5,65.9
vMhSzosefiIYlQfyz1333UaP8cQszXJlLOgMkb5EEwA,female,168,68.9
EZSFs4NfveRhx2gyv5v3qrH1_Rh53qhl24r5JzUSCoA,male,179.2,81.5
uk-CtxwNfL2uxYjW-QCuXNC66fHWCTOCB8AmchLLHZk,female,159.2,63
H_2OChxzUXZmq1rWtxnlgVFgwmkkFxDkYbPVNYG3m4M,male,180.25,82.25
9qVCJoXCAJwZaC9u5-kXG26GlA3JmoMw92Rp5oiVEg4,female,153.6,59.2
qS9bgiy-nVA3MQvrhB5ffqRlkn7njLlUgue_gZbHF6Y,male,177.55,80.2
Usg9Weoa-4xNT9Yqfx3_HYX57YiZEHCggyVLu61dt6I,male,178.5,80.9
3LtoBREo0oJ058FPutEgX3dYNGp3wm5eiTGKD3Nc-Js,female,176.5,74.5
7tXOo2zQVaooe8RHfl4Db8bshORuWkeNqa-z90Ou4lc,female,165.5,48.4
xpLRSBTmbLquELZomksgYN0fN_-2EZ7NANEQHBOeGKo,male,180,82
APPW003QXuBi87VOA5p0sEo04WdZKaw0-JIuA9eb0Nc,male,170.65,75
tZGSxqVqjMexWpvXsaOAWmJ3GEFkyAoaw7mRLLqs5HE,male,189.5,89.1
aKKwnxgz6__q6Gsnu5h10ZMvUieiKrZxPbNZI2Cqlvs,female,155.5,60.4
extNk1CQ8sO6YQ6w9Rj31axV4wJTI-n__UbDEtCsGdA,male,176.5,79.3
zBZvrEemVw2x6OUbjBouVqzyGVLxsL6CvNNDYFOsKLI,male,181.9,83.3
GFNADLQ2HDtH5qhFavpu2_jRkAmotWyIsdleATeVNBU,male,186.05,86.4
bkb-fupdaF5Pw5XyQD3odpG7PbWBbt70t3J6CuYSiVk,male,179.5,81.5
_iqxviX6D8gDSp91KWoSY5DHCpwWwehBckOngn0-M-k,male,179,81.1
RCvBZwL6ySv9VZVZ5BZjlncUxRBCExRk8cLHIXkL2mc,male,174.25,59.15
fnpNSXIAebizUnAre0llggSxShXClKsiboSZ2QbELNY,male,184.5,85.2
hW2nKkigYEBoUOo14i3BHifQZLX6rw35VSPoWZxPNN4,female,162,64.6
1iNLc9Y7A66Ulg98SZyMiKgeyOdmugfXlmXEYSMa7iI,female,169.25,69.45
dYwFFnHu3CgATW4fXv--p6MO_X6EVYkslaxCBEaJfUI,male,166.5,53.4
B8ND_3IzBRZG78mbv0TrUyJn79ZXP2zkAyth6Wsw1Mc,male,189,88.5
S8DNkHWYnqSYrSKVjzT48pSx5KnBvkPR9YANe3OxRNk,male,175.5,78.4
3WBcOVmPX_zAto_zQdRju90F9aPkxEJA5IzmYPaklDg,male,175,78
s54yIZNewRa3lzGAm5m3geWsbCp6MKlTEJ-t5WEeY8k,female,169,69.2
bXNDG5yJPPqTKSoMPxTrhFaT_slKtuG76Sdd4dNxySg,female,155,59.8
QhxNLGGNPt_CLAWdS2v9-VV6QzaYIjd0kYa2TSu167Y,male,179.5,81.3
qqTK7jXl6nUoy-hIAa5PKc0PZpdTZ5l8PHtodgNN_Eo,male,170.75,56.7
CkenlGnzhHhAweaBpkT1av5IZItgFBk2k05QPYSLXu8,female,168.5,68.8
yR175FYo-5EKEoza-5iE6JVKBmUVtYKlk6q_5C1nXrI,male,188,87.65
_D1IcG_Q2aE8GS8r6GYMR0DrEwVw4Cz3pyJ00B0maDQ,male,173.5,76.8
SeU7Oa1_lbmjnPf7Ia-FHrIGFRH9rMXzK6XlsB8wg6I,female,154.5,59.4
1vpJCFKSupem5PPO9F-bvDjy5iKLyHyuryg5RDYyus0,male,170.2,74.3
UHx7qMqO-OHAWMSgjcrcrnJOIo7vRx3QOizllotU2oE,male,175.5,78.2
W-RQY1z606QE2NMPkSyI5ONAW-hoIDGqmNBQI-XYinY,female,158.5,62
LWS7u2dM1oIlDpu0qfB0Fh8kUXtyKa2Bzu2Zy8gx69U,female,171.5,70.7
-5OHO2b5mRDY1rvAf07sYYtekEEX7ViEGmvRr7l4tfc,female,163,65
e-0lza77JKC-xvdfzGUtaX732xERpAyfyWYVzpbQGdk,female,158.5,44.2
SOBDbKkRyVnde0LsY4ekKIEN8FK8nlUfpvoUmD1tZyI,male,167,71.8
wWnuKBtfD0TJTzw07s5OxNkw_Zewroc0oIVouE_-0iU,male,176.5,78.9
MoVC8zaNHbXveUHEwDF-a7ohr17YeOCTHW_iDKwpc5A,male,172,75.5
K5UppEJ2C0RnQTWilh3PLrwSvbVlkn6T29I3ZCs1vII,male,173.75,76.8
OG9Sg6chAt62VpE1YhaBQcIQ1Qv22fYUHRPndomcxz0,female,158.5,61.9
6E-ijOCvyEWroi8EYl2I51eU-NBOYt0LlieQHYeasx8,male,173.5,76.6
eUQaVsLyGr_zoE6EwWwpU6Ww9q5aO932Y5LxH0ViKQo,female,167.8,50.5
k6mUYQ--EsUFkUXes7CyUrDDVR0TGGdy3JesOw4muuo,female,164.5,65.9
K6AJeEjNFAAABQjy_5cQ96BIGvZhSD5OLDiH003A4HU,male,174.6,77.4
Lvkkn8G0hPPSfS6W8tEqFd2e0dtvUIBx2VcoFHLYXEE,male,184,84.4
59bc2765681516389ccf4513,female,167.1,67.6
mTsjIVTuExMqDOs4rgUWzVrk_s-3Y2syQl4NyccrLbI,female,161.3,46.2
ZDMsZj0pYkVmeSNPYeL7HvTEVgo1YmJpUhH6mNDjIOk,male,172,75.4
_inbvNfmzAhTXq7VF6CCfnykaeMIB2VlJjOmLKr7TzY,male,174.5,59.8
iU2sVInCtVunrailm4rEZk2Dsnrij1z_DGfKVvjgNUs,male,179.5,81
UJrdm9giorML-PfhB543ZlhkbGFzXA3BH8saXg0PWVw,male,177.5,79.5
S9zKF4YjHsOv9MC2NLaW4o0k8o84LWICxS8BJ5wsQnk,male,174.85,77.5
nABobY93RIm5CgL2YfJ3aZnXF6_za1yd1oNPrC3bszI,male,179,80.6
4UEceASMrT61xiF-hLZEjxa5PpAZxT6PG1gVbztzWcQ,male,186.5,86.2
Oy8RHBJN9tp8RgpUs4Pg2x7ALbud1MPkfbF64WxpE2Y,male,173,76.1
6G6oYfY_1KdG63aIAEbDisjnRAalV7xOP0Kj9jajxJU,female,158.25,61.6
GYTnlaKA2rWl9aSy0W9Jdwv3IV-sh-UTxnNHvGd5IzE,female,159,62.1
y32dEeA-iZr8Pt91kD30sOJRmugAdCm-jzF6aHYt_oE,female,165,66.1
KBAU1rWD43nsok2kcZJkGqqMKRUMIpMURs6n7DiIbAk,female,164,65.4
AJrINvKEvx1BaOMF9r23zwKdD9tfkHY4jSO3GyImELQ,female,161.85,63.95
GyU3djh8hRxo667iEytXkPFBboVbsHxfQlbDM9X1fMA,male,164,69.3
6CxHzwqW23eLWqsWrQuJbwr9UWlo7pv87YqZTFiWxws,female,164.5,48.5
2A-OwfseLIFUUX6GNQFD8YuEVTs-luhhW0d6P352JyE,male,164.5,69.6
cXSxzUabb0JDPlCDbrdV9_JCKvd0rSEG27KGN5i7G6s,male,175.6,77.9
QvvspmnbMFsvetheLFMmqbxPuYhuz7z2HpKC_jXBj0o,male,170,73.7
ZpkaybknCIvVhfD4OrVcF4hiLxjFcZSPAmNB4-ZmTUM,male,176.7,78.7
Uv0m2CsOMq4Ll7gVXkA9zRMJOIu13kj44KrnuOq91jU,male,173.5,76.3
w1iNAbmo8qiJ7wnf4IPgadm4T5UJ-BUAqXNTItzYiqE,male,163.5,68.8
q29Ka7U5AnBBzFK_CLTWyiYURy4qRpXDfow3l0wt7Is,male,181,64.9
OHJbKBoYWYD-m6mpQi8Xw4zXuMKQe0g8APH6z__VLv8,female,168.25,68.1
Hzt2DIA4sSGlDqQG_pWdBb7TmQdslY95FZ0d_1ac2uw,male,171,74.4
LAylutsZzyozv6hpU2zkLc7tSoVn0KA7MHpFSNF31bU,female,168.5,51.3
tUYlv4GX0ZmahKhPdKkB63BAfZ0-5z048-POR9ivZdc,male,169.75,73.45
-494U-YoXOD8e8gkCuyaRLn4MLo5P8Dm2B1s59WBGdg,male,178,79.6
imr_d2YgYcSBs3v8LjlBHqG0HS9ACezVaKNvEk9esgI,male,184.7,84.6
L3gOZE9_foSWpEGDymPGZ72xRwNAjs30LgwA2HK5Pck,female,154,58.5
HTxLE7dUgdo28d3l443uipc24MX6AMIc9oqgSSelXcE,male,168,55.25
YCYZfuKdUfWrvD0Wa_bpzqRO2pV06RuSS-4SSZOavSY,female,164.5,65.5
Xpl_TrpKfelndMt69vi8OE1UHBWiE8uzV6Y8IJPuUs0,male,179,63.5
kIylnWWgtxbfedUMpfR5Ot3-iuysBKh-wHxw0Qwh46c,female,166,66.5
PvvWNiET5hz701BDbx_LMXCRHnH7W94qby9EuCVLxs8,female,154.2,58.6
4X6MQ076vR6ncRa7kAQJGyJanmpjzpY9L0OF4DaOw5s,male,177.75,79.35
0-XhQ-_PmaT9DVwpTEiOdhAFo0CD2e5T-32D899sQpw,male,180.9,81.7
4zydBaQiHRmsujJ961bicneBbDYHlmHxPeLTQBorLzY,female,167,50.4
qQo_oIPiQ5oiU6FKlKj0rQl95bc57Mf2fx4ZfLoCMsg,male,174.5,76.9
Vlfc4F6gFYKkpCJux4gxVJzSrlubik60_HDkzkwcIqI,female,171.5,70.15
0E3196x5V49sGp00GuePdIl0QqWVXyzssZ92z7KBt1M,male,182,82.5
_-FcJa_1NhwN2S8RaulW3yaAaBnkDM3lK1rkoiSILT8,male,182,82.5
4V0D7qiw6J5sTLHjBGkxAjwpIZRx-KPVaQWLWf8xy4o,female,162.25,63.95
JAg_vZFKeCSYFw9koOgVKilSrq2EHj1RJfMuWx3zSr4,male,166.5,70.9
UD4C_0aOFgXZOQev3RxDO_cdPtRCnlmUxIA5YFM78Pc,male,176,78
0nUGCGJVMuW97nuWEcXti8w-lDDCvyrOgT7RzfE_C1I,female,169.75,68.95
fXAVRAvJxNQVKYTuT_YpnJiF36hIZF5FwwZWhhCjkd4,male,191,89.2
Op8r02niR4ewKbhCNlxQ0bbj9lntsw2SLCKTfXOjsc0,female,170.5,52.8
E8-vjMUBIIvCU3QWccMaqpmmwMclKonOuHHZEaPFWis,male,171.5,74.6
4bpNJgeZd3-fSRjAsrW6eRInYZ6LOOeVVGC0dfWjwNg,female,169,51.8
vbZZsZ3TYtTI253SiLaYLGYn-BT6NSlnN-B60PQzdHw,female,161.8,63.6
dPRinhZqztN_Hf264QHnP_0Wg121yQ90oKTvePLyM8o,female,163.3,64.6
x7LgGXIftB0_VojHFSS80SnGLd2l2y2U-Tsp9wpqHcY,male,167,71.2
kIosKBvrouT2CfUkiqjmsqqm4UXFJ411t3NDPSJ8HpI,male,178.5,79.8
IWvdVOoB64ZWXoz1x6sNBcoyFkEoDnxG43oOK76pElY,male,170.5,73.8
MjvyiQerHJp4LNFaYjErBuE5gZXzJTTBxjRPbdaIkX8,male,181.75,65.7
tHlUh9CpvOLylJ9a7HQxa6tAoaZSpk3JaUOB9RRfHCY,male,178,79.4
wyo56gHJyQO26BfciyAHy7U9Tx2QnhxCIv0tK_rDou4,female,165.5,66
Crb0x2lhEjGXXrx0Vmvx6cTvpQlX4fyn6NlbcU-KvAQ,male,177.5,79
zdbQ1prRzbkf5E4QCkM63hRWBbYPFmzD9k2QtFgYI6Y,male,177.5,79
5gJvsNAdEV-aOfld0OxN76tkiEDyrQzQMbP5j5a4Fz8,male,189,87.6
1F0kEDeQXT7IOic6etMSOANMhH7SvKE1o-THF11ugdw,female,159.1,61.7
Qq9NaLjx3iFSgN4IO9FFHNQhM-HniE8cy7GXNWpJVtk,female,173,71
oxkxGp4O5kRM_yq45ZJMHouX_gxIjQnW3X0DzFAgbx0,male,172.2,58.6
HUX4yHwQA83GA22ZmJAVAnd_mWc8lMPwOzZthpYFmJw,male,181,81.6
LG8w5pRNQxAS1OXu32ttcFgCo2x_udBwl4IY-pkH-G0,female,158.3,61.1
1hW_MCqKCiuyI_RdcwYn7k0pFVsCyG5epVA4Lv-4jGU,female,161,62.9
WBiAmI8mUEJbHRBA9fz4cixw2gSRkyEg2wIu1tXTHe8,male,174,76.3
gVaFww_QRFR61Dd3IjpZzlsqmmNHOuwACc1wztI9ixI,male,174.5,76.65
D6kXZAh1mfppxOiWxUvsXamValVp-JjjGhTOtF4V6AU,male,171.5,74.4
nJJBOqgWjpSrrS1KLVLLXOYuWUq284qw6hLwLsyZZAA,male,171.5,74.4
d8ssqeq9ARBrTL-SwXkbI3vDGH_FheA5lAGX8cxbOU4,male,159.75,65.6
59bc2766681516389ccf45a2,male,165.1,69.6
lkyhBZH_7_G8UcWiTqBujEauc0CA5LBqBVijmmk50uw,male,159.5,65.4
BGjL1f-CjLwYekISOM-ZP9CGKLtlVbXMfak4uh6NEtU,male,184.5,84.1
tk_IQHyKKnSaRC7JnLs-wuJPSlb-vArUTnfOWsgSapQ,male,169,72.5
59bc2766681516389ccf459f,male,174.5,76.6
bEEVIiPPqqwP38kdKJrb5pnbM5L3-1-Q4K0D5R-Xp10,female,165.5,49.7
tr0fHdMMfA31TbERAMt8AbVSEaqUoip0rGkh7_UZp8o,male,171.6,74.4
Yl8U2SSkkWDw2ewoGQLfj0P-Y_wwwe28W6ltWa6OE5k,female,164,64.8
jgZVDpdG6tLTkZXoAq80mPzizScTJEG7n1vuu76jn9o,male,183.5,83.3
D4fMm4EBjaPKD_HVNJAVfFWTZnB-r_ZKhWngRfO24MQ,male,170,73.2
NqNHgXJ-FnZz5ve2PHKKTHsACmQgTiZyRSFJs4BHXWs,male,169.1,72.5
pqOj_7-f3y7QFL8czSo4PF7CyeEAuJctuGbMvsnm4I0,male,180.2,80.8
5FMPgoKBaPrOYoeKbe9MUF6QoF6fUoDtS7uIhpANTn4,male,167.5,71.3
yDKNHjVVLnOxD_oBdXqQW1d9SwZDDiKn-VdTJGev_T0,female,170.05,68.8
QJjnm8eqcTWclApiqQ3yU8OmtAc6DsXvX5ysML60mZA,male,184.6,68.1
1r-5y6wiubbNTNDOhH0ypmCfrIdg_mJnMzR69G2i6no,female,168.2,51.6
jXtJLdJuADKSOOMl8VfKZonbn0KyS1gGcBcUdaURUKM,male,184,83.6
pKRLPLEKQlOAYkS3cSoDzCvwIHDUu83thaeib6rgK9M,female,171,69.4
1WwQ2-G5PJORq2Kz-d4p3pBAoPf8qHuIw2GtsE25bEQ,male,178.4,63.5
tKHi87qSvJrSlso55catxSZkeH2nTfQJ-omJ_79mJJ0,female,162.5,63.7
5vxfk__CW3elt0_ggBHOEjqApV96gaGUVb05_W9EgQs,male,185,84.3
PSWXWb1JMr1NXcxjGIGDSeYOT6YZLvclRRYBZT5AkzI,female,173,70.7
V4GbYnb5S_zYEiyQG08Buh_3gBaQq7uLKEV-FiGV0TA,male,169.5,72.7
rFUJ4sAg0xJpMiKyCvjFG1t15y-fUlnBwpCJyti9lHU,female,163,64
xqSrD3kKSH0jt-tGr4oooGvGQfZkbplgahtlxiuWCIo,female,152.35,56.9
KlCO_7813pIq4DnmhuGrYTD02wHzS24wjgUoFlvwAJU,male,181.95,82
5zcszVML0w78xRPzf_5uFJju-oe6cw0b6tanYu1nMho,male,174.6,76.5
ezYciku_K4N8OZ9VlDPm8fli_c-tGTxARSIx-ee--yI,male,169.8,72.9
AOROve_CMsO6bxWVAi3J6cn6izwWWgxmcCmZcV7Q0cU,female,159.6,61.7
hT25vKHsmc84oqfyJtFsrtgKxEg0TuJTiaOOu6-mtGw,male,176.5,77.9
98ybaqAtTEscPfdBt_pbzyB7uRzO8UymbWubJOh3cd8,female,169.5,68.3
xpPDaeqa7cFWYsOIUOk7-R9bijKBZszTk0YAStFyPdk,male,180,80.5
8irviJf2nJFtk3DCSB3zQ_iMByLhMZTcEHZC8AF9JtU,male,180.75,81.05
dH_zwnKxaYTy0WnxdzsTP7jzIsP7tpPewqI8hBghTsA,male,170.4,73.3
Y9QaPA3yA5D9aXJrkhkQhG_ho7pRkx8VTd8FNYNPTfo,male,179.5,80.1
F4TnEhf6SPRvMS4EpUaOTA2ZE-WJVz2b-YcJF3TxyKA,female,163.2,64.05
1R3W5ez3wY5D5sZtyTt4I65vfyeqoonQf8cItdkUyqw,male,166.3,54.6
KyUpCvLOaHfJNvUi1UqsGflxRBbyk5O5sHHE4Z3fYs0,female,163,48.3
kz9ZsjGgGBk7YU59d-1Ng5TuoWc72Bzj7y2HWR_FbmU,male,190,87.9
BuS-57KVH5PUMufrQLs3EkdD9lLWqtt06DpoL12nlsA,female,159.5,61.5
Xh60cQvKbDrqtBGVd8w99ZGaHI-9LOZnuYADjpDVlaA,male,176.2,77.55
3lCM3aLY_S5D8So-cmKS_wxvg4LEd3ByaVj7RwtJXPk,female,169.8,52.9
DCA3Le3s1Oh-UiRWy_kDjoieCC_MvJg_4ndji_I87jc,female,164,64.5
ZCo4kyD0JMVyA-kFfcwHsmIxExT4ii6WM2DS2JYSlcA,male,183.25,82.8
F2bHlcb2QbBRq0_jJC_kAC5En6uju_9EK54gmU_vnmQ,male,176.5,77.75
heu0Y7S4gPbcK1MOY4nTN5hnH7u7Y8YQ3_-A1_QwPtg,male,185,84.1
Gw0YnQkeRT6TNrIYXuJ3RlEFf2CRfeSH1xeGryONI-Y,male,171,58.2
UpKByUk0R-xH0de_VHTP1DIbIf7IHrNBIUPzD6YQth0,female,166,65.8
XChq7P1lqOo--lFR5_wmw1iL9KE3a4-ARks2xlDKFD4,female,163,48.4
G20SP-1En7Quun7441TOxc9maw-RyyniTksdrwPvJg8,male,173,75.1
vkksn2RCSbypUytk-hVipm2siTrFOOo4ThunldZNHEQ,male,180.5,80.7
59bc276e681516389ccf4844,female,165,65.1
SCrgJSZYcGAKjmC780rJme0Zww5HMuPWH1vGrplVehc,male,170.5,73.2
O4seCrLSEagQp6BGJTsPYovKuLedF1KiXDYJjsxHV0w,female,162.2,47.9
aKCbIlgkgwR0Tv0hD5Y3Reox0bJEgCiqJMVSaIrRKRQ,female,156.4,59.3
hcr41wOhrcxY1NAgTiJ_50lotLfEnhCxj0h8iMEjJlo,male,163.2,67.7
XzIIbdAvug_HTiA25PW5MFyFyt7QzCVA5lNnmZN6BIU,female,166,50.5
#NAME?,female,164.5,64.7
5EGWEEK1LY65tkKLQ7EYnBzkxSvRVvGKkbbH5xXhHSQ,female,149.5,56.6
TRtNqwFvqbRB7dP5iAW0CPCyC254XwlLQdNNTtOZ4j0,male,171,73.5
gxdL3v4FMMviG6lBMBdruqmXxZpzpKt1y_ztwGGGfhQ,male,178.5,79.1
KuaO0HukXURPXHNjwVlRBX54vTgGoJCgIlE6pJFBjuU,female,162,63
PzOCTMEqFNW_m0El8kk94x5NoGcA-L_d65TiAJe5p68,female,157.6,60.05
v99TYhN-aL9jS37fT7K_87UxZ3DOZ9NikUOlfjWTfWc,male,174.5,76.1
_ZamEJ24dG8_hV3sdbt6iqrWwvT8aUB0zCjq0h6_X-E,female,161.6,47.6
WHLyN1BmsXGjyZxBL6HVN-lq4TLZtDYyOvqlk5HxI4w,male,170.5,73.05
uq8_zsy7waIFa6uIbv9oNPTu8sxth0AoEiFRAP62_M4,male,180.2,80.3
ti2fvqxhFjIFuLhF23WHc7MpXMuWw4g4ccLAz9ztE-8,male,179,64.4
ccXAcqc28YYhNE3hRsOjttyRS5g7nHe4BqkS0IWwxyw,male,169,71.9
l2okRHurs3xMdNqHEqWFzVB_g4YbGoUUvMCToetp_mA,male,186.25,84.8
WnKXOTsT_HOrsCimdLNQ0avrn593cJCE7N3fCWGn9H4,female,161,62.2
TK6EBuLQbWBIE_w6NKPVidYrw3SD_s-_6brVS6a41j8,male,183.5,82.7
SnRufUG41gyAnwY8mh8ci8O3iUbshtmaQkXebwXadkQ,male,170,72.6
qkz_UfSXcjp8o00AfqoYSjbNMb-eyPPlCHaTQFRoo5s,male,173.35,60.25
x2fmUbzATJufaVIBNNEQHrtOCRFX3gQ6l9yZVZxvVFU,male,175.5,76.7
gawPz65AmfNlonEDdqvmqqVgcnaJ9lGZ9t9PLMSYX8A,male,169.5,72.2
e6nsYuQGF3wxDTjS-XbnKQlX_A45JrZ_IYwO9lA0hZA,male,186.5,84.9
9tplm5gImUViNEcYr2L4gMd5m3cwH61-cy8uJ4SItP0,male,173,74.8
Vs2eI7lYPCCR4N3jdBO4G9tBuKpH0ZXT3qpzOCmG9QA,female,167.7,66.6
Ve_FT5dVazanjRifMYJoMRRL3LBDF0Wjg_X6YyNcXzM,female,159.5,46.4
mKjtVtOlfAQeMaoAtJ6HVmzy2PiT2kqcn3ihTmy3rU0,male,176,77
ASWDIHpxAgE8tjKibGquSeNFX7ipcfS8_dfxbSxsPJ4,female,169.45,67.75
uq4DCL_ezHJURMKCNyYgyF1N2J36sYaBy-zQsrYfIhA,female,160.45,47.05
ocXcj8WETZi5Gd2VKpBnoNe8WFBcro0dRSKIaAWp7g4,male,197,92.7
GiOjWOb8rcgPHXaT_vxWEd-0khAQyWvbbMY6jQ0CMgk,male,183.5,82.6
GK2jds8tP3G6PyRZEtetBwDgWLEMWJUaEN_1btjyNrM,female,160.2,46.9
KNq9LWzRIJfcCQtM9-zFyifnJQUjTpBQI_cl49HX-Ds,male,167.5,70.6
Jz0F-sHOioMB7Z7xayumTURoIaK-p_Vkegld-AlB0oI,male,181,66.1
ARC9XVPHMy4OmvCLVt3pOlOR-Wv17WxdC6zj0jJiquc,female,167.65,66.5
7dbX_nuL2W2sH0mMPkEdNVgvOQU0WCx3MEQhXaeEdmI,male,186.1,84.5
59bc2760681516389ccf4333,female,161.5,47.8
p2B4yI1jryEWWbCCxGaBlXZf-6KhftowvESTZC8Sk-c,male,180.85,66
6QU-NVlHGSepb2kUjmq2HQ0_ufqINLTaw2HEMtKHNyQ,male,171.3,73.4
rLy5q5GzDMlUYUv7CAo2X89t0qncU_-j15zxHuxCHoQ,female,168,66.7
99-A0APISxIX3gIyEXo0VQ_XvAi27p-pj01xr3uMVsg,male,191.5,74
jRhOpBiBukCpY54id_vApU4ug-v6ejmZ221XvaO5DBc,male,176,76.9
KF4x5qg5axbnchXD1j_iCV4iFgu_9iXzYPt-MK7TyUo,male,181.5,81
3jM0qIx79JRrqajAJWO3X-j-CXHLizCUh24u2m88MTI,male,176.5,62.8
ZbNyhEtasd8OZKHhyFQOwXZGPEo3glRq_b3xc1asgkQ,male,176.5,77.25
_CwZV7JjweL1bNgowFMabyvvg2zUkljylkh4qYgiQoY,female,170.6,68.4
8UzAHjyGQuvdv7fOQCazoAcqVuVOv5H7j3ZWe_cwWDg,male,171.9,73.8
slOKLPyTsRXyhmLtpNxjwCKXUf5GBV51jreHY4MUjZ8,male,179,64.7
Iq9BZmJt_Dg-EuoVbU_Q7ttc7RWfR-PyHACAyA_NwHs,female,179,74
ecUGjMFkvAwtcVwM1IeTNbM5pYu2xRc_lYlPYb0qAXA,male,182.5,81.7
LmpCWk6jQZlA7EPOImRlJpNT_4ON6NgbzEMhwCJa2OU,male,167.45,56.1
oP0OgazySv5ASkVhP55xjlxtlUkANhXAiKB876Y898s,male,168.8,71.4
z6ry-gQzsSjp1Cd3uRse3JdreAawUiaFUYlCqHTxEbI,male,176.5,62.9
SZmnW-xc6SrqiqDHJsWld1yYThhr489nBwJCqzYIh-A,male,189,86.5
CpFafJDl0f2NkI4XPdcEpqtEtAyQlfh06eeNnLelmTw,male,175.5,76.4
J8vqwp_s55pqSPsvHuWqSgPJ4IaZN06w-8TxCp6c-jw,male,178.6,78.7
ZDukDpUhq-XJdgUN_E8gup7rIeIgAAC3fCidsBGSTi8,male,175,76
lLaKUu8T6XGcAi6D6SUxeHWcwyyaBqLr1ZV9QWhll-8,female,169.3,67.4
alvViEXcpt6DTJMCIgxAwfPXlieyPGTGoJs62yCtXlc,female,159.6,60.9
cVytttxSLrJkJZfDS7mqNACCPRKwCk7a978wWualrew,female,164.25,64
j3scOr7Agpc6mqX7390w1Nn1DSd35AU-mcbecE0rfZU,male,178,78.2
59bc2770681516389ccf4940,female,160.1,61.2
UVMzcuNGL27V5zxla6MePU3qTsKddVZxCu0I4JlEq6Y,male,182,67.1
59bc274e681516389ccf3cda,male,165.65,68.95
Ay17AXkv1EI2b1Cp-qH1xBuAKF-bNQVMEYruSbLCYxQ,female,164,63.8
GuzB5sQXsi21wqtnIQdcQI4aEX4Zx4J9P559gAxtV68,male,181,80.4
2A02K7VTiazsZPJow1JvfW1rcmsCwRcc6udVInDdVfo,female,176,71.8
upa6foQNb8RjG3rcyAiG0Np9ls0JeJ_nBr0CRoL6I5g,female,161.9,62.35
ZyowiYX8L8XtW0IlnXk11FS3O5ykejtE_AE1Jbn04Vo,male,180.5,80
aOP-obSvqI8vPM2V-KklKO9GJyyF8Cp8QLA1u9qXe9U,male,176.5,77
ztF-PzganuRaZfhRBc44RANbhV4ff1VVXHRe6MgDYrI,male,186,84.1
59bc2757681516389ccf4018,female,163.85,63.6
G8cSXcCF9RyYdLwbhiH-x6yvLcuXMaK6070kee5v5gg,female,155.5,58
nz721hZrCwq7GrpohgBOLERaZ2oP-ABupauvqlS45fI,female,161.1,47.9
Wqssl24T6OXtJNCKzlxZ7tvg3Z4fGvEb3Qq3bnt1QDg,male,175.5,76.2
ciob9bPgUpBxkXNd5QvZSR_TBtrxFuvmhpKmAUTEs4M,female,152.4,42.1
icoAL0V4eLYR2ZXjKFajM7zpX2c2NoyM-ZOkRzXkJUs,female,155.75,44.35
lciKkBG-mwiMmZ1T6ANT6F5n0r4yrRqOU7BkqpkFgQE,male,182.5,81.4
ebzW4IRAtta9xnF_UqpCR6znOTmH6xo4Hp02dO2uo-c,male,169,71.3
9rYyXYgQEdGYY1PiFKxNSlIMG_TULgQuWUfzZOvk6jo,male,171.6,59.5
rhUrMSeO7Nb-lPQHSDizeYFdm1ZkYzFozoaL92zkAZ0,female,165,50.6
xq2OIh27XzHoWNtRfbtljxw4I9km2YNi_ANqzt_i5bU,male,167.5,70.1
59bc2768681516389ccf4677,female,148.9,55.8
7ke7UMIYWHM_gjwwcWYRDu4JyVg8LPRaVC03w_WOtwA,male,175,75.7
Ranix2Ep61ZJ4Q0aWteK6smrMAD3jzKDODGy4mvFk_c,male,186.5,84.3
h9CrV4Bja5J7GcDHh1nhtwlNL-G2dstWVh1H9MVcwMo,female,169,66.9
Kt0GsE-I7kELdwI9W4UddWf2678GShfelphWFdlEfgs,male,155.5,61.1
JzUFURmryZAOZBJnIl8-sVLCj5Rc9ZuYnP0LZz7podg,male,174.5,75.3
N-HpjhR4e4pv_lil_breZsD2Zl6rchnUYp6CN-OId00,male,166.5,69.3
59bc2766681516389ccf45b4,female,173,69.5
pMnXRR4wol-MqJYDEWJNQo91TG9sdN2LJPzQEZjnroc,male,163.5,67
fO2jnSR3u6zmkSHUY9WmMNpn0EAiZOuAGDwzKfoWQJI,male,180.5,79.7
5uUKnbSqv9aSGLFdTKky-BMjYiXJrekNriewE4Fg_Zg,female,157,45.4
yG8urEXMQwYxRedKdQ0PzhAnG6wRRQ3Qhkcivj4uxSo,female,162.3,62.3
NuXfnD6BDa9t-UxAqHbYWS36vC5ynKDL9-C_Uj8U0OA,male,176.5,76.7
rUaxG5kxy4etiiPjgxnSoJG7w6cotHpyuuo-nHkSccE,male,188,85.3
7P-Mb8y4W5FBXKDQlliDDiP0k3jZW1K1eJrxSYtkc7s,male,186,83.8
bR3I1yOGXZCEzApk8vSz1Aa2WcJKCj578kyuYRIw79c,male,176.25,76.5
13pX7gY7asIuwkUe84q-h_Y4ih0x3AWA_elpNZmNBKg,female,168,52.8
3Vo8ABg89h201AlXzvzagbw0IIvECoAtA3-Bl8PxAoo,male,160.5,64.7
7uD1ejHJq3208g6m6wfNy4he1oXPQXUq07IAQiOSlFE,male,177.5,77.4
_NoqTGuJDuoQWkCe0yvPsiv9VH2Msb5-h4qJGaAHMwA,female,176.5,71.75
D55ePLeosuJRzKB60hOV7jV6enij57Je8JupMd5pGUA,male,175,75.5
u07G5TYMFbF4QzK63kMFsfARkajwYnT-rdQme1PYiSY,male,169.5,58.2
tSmlCyLORH6VB-Q3-KA93xMd9htfy-YeQytwIAsApCc,male,171,72.5
dx17OuwfKm5FocfCZ66tMZbAu9cwDFy4bgR-Pdkl6U0,female,160.5,61
THyMoUbPS8923SdTi_Nw19p3_ivBGhcZKjHw-IKT-pU,male,175.9,76.15
IQeiBIfv-Kmu0xME8fnRBZePqh290USy8vCYzmI6lLc,male,184,82.2
irp9xnYo9ZcKWpPaJUa56QEJ16_8WXAyFIWaB99KIqU,male,185.5,83.3
ro7fbgrTpvIYxNOi6U2xNVTW0NgXJavWXzbY2gww5DE,female,166.5,51.9
3xVJO9HyrOrQkIXXjdqeHftluBQ_Jkt2Tn748nJt9gk,female,165.2,64.1
4BXlHd3dwVd6PpZncEnIpr675Ozub9a3aCKVl2bfRdY,female,168.2,66.1
-5iHTazqnmWBsnUY6ymoCw1kORMymRDaUla1eNOjgvI,male,185,82.9
oI_BOnigfzo5Jsd5owKqNQ1kATGsx3AM4knkcu9Uato,female,162.1,62
JS5KxnxLKa3JbwIPUjnGW8Q4Chu76JJJ5SQBsOape9A,male,173,73.9
Toz0icy6zg4N3sYsq5kQ4LbEARl-JPPctQSFRY8WgBw,male,177.75,77.45
sXMhWLtO-Da_hqX7tZlbP-bn59Js2Y0HD97v0XootWU,male,177.5,64.3
4bBr6L-kFUuzyOWO3vI_4OGSbP_3WZjfIF8OvUCdu-0,female,165.5,51.3
#NAME?,female,157.25,58.7
tdtyaZRYmZKM-bdblH0FfyZkcbUtz1EvV_2e5HyXCR0,male,169.25,71.05
F9ns22JyvIfwz1r2OKVDzNWBQe5C1hn66zyJIMuyP4c,male,176.75,76.65
EgAn4qfF1YOH7RZBjbsojaPsaXZSGwT_7vI15Ri1Vj4,male,168,70.1
5_m2-TYDAgPpC0RM31LQ6jzDxAXdYr9vW4q1fXj7ypM,female,176.5,58.7
QTYeuzfnNXU4trG76LSA8XR3m8gbpDRBEhaLvMffJ1w,male,177.5,77.2
IvCNsbRv3wHMgRl6sQUrzAn36i8TlTm0_4uXheFRrXI,female,159.25,60
BsfJzTZxaGixB_zWMI7Cy7JNn8EAkY0gRBq12NeV33g,female,171.6,55.45
DTjqT-10YClWQzHylJUcdSeas3p3DzwsjLzIP3ixZ8Q,female,166,64.5
RQq_cqoXxjRz_clDrc-_WzDZjYVR7-wSKqcbn4WSwSE,female,154.9,44.3
W2fLwg08JPv_ss2ekmFaLRwOy2yWqg1Ktl6tf7Y7tHI,male,184,82
0D-8Ft39MufsfV1e8PSPutSzSJ4BYLTcQYupqyYs52c,female,156.2,57.9
EVzxmfGWPMsEwiPrz8uVa7SgSaddRdIYfmRGS-11j7g,female,160.7,60.9
taNdJwWqZQkNVTvamZvpGL-2JtXXAHxTeSdir1wkvCc,male,170,71.5
mDACIlaNmQ7lp0TMSe1FistXFwAFa2uKV4Hry8vADdQ,male,182.5,68.2
_O3eWXWBEcfW9uCXMVYkA8quiRcRrSxyU8W8UYsGHqk,male,178.85,78.1
14jpgC_nNGPOffvAQo4KbTLvFLaJKqAloOYHFvSaP14,female,155.7,44.9
qrVKaC58VtESle4b_JRoEpCYYt6Kmyooh4yY5RpFmkM,female,171.75,55.65
MbI0nuaGlMFelp1gYz2NnBZ3E9Kqgno4bxUrxlZczOA,female,157.9,46.4
BFf4wYsA_fQ-YMPs6O0OdFYmwJu3yHbU7_VTRwuvf-0,male,167,69.2
65UyB8JMCYFMX-M8OoS8ux5lzr52EmO7TKJ9o4v8ESs,female,160.5,60.7
1D-rS4ceivG5o5yI7oRT4XD61IjRxaI_SeFBoqHYems,female,169.5,66.7
wyzXYq1mCO53i8GE8uTF583tYOYGA7-eQOjJp1xBalI,male,174,74.4
6t7OLR19CUjzeFvjIlJCko4zsiMW1np0ruv4NBUiLt8,male,171,72.15
oPk9abx21incMw-PVVX2KFDa_-S5yjwVTV6p77DB46M,male,175.75,75.7
m3-xxrOtkDHwzPWWmH0k2JhHuxoCvZySmVljoy4F8JI,male,167,56.7
GDW3GQMSnDpsEPkbYoxPPqofr2Ig0xgMNM7Q67b-_7c,male,169.8,58.8
ytf4AiJs29Zl0YhmcryHTenc9awbx5rimRO5Xixg4Po,male,165.85,55.85
nmwUdkQwCmcQiJyo6rrCHuV28ZxXdzKhtDLzrY831HQ,female,163.6,62.7
6RjLFy9w6Mx-AjP8ql4pPU0mBe-PVc1jl3oWnW_CNUk,male,179,78.1
3r0Bgj_s78jIbt2dgsX--_axAQCopMgv6saMICYamno,male,165.5,55.6
bnNv7T2_7hux7IqxXjaSdDR8jubko2wVev2GAwrRKUk,male,171,72.1
he2J46C3Yu3aEUjwSZiGDffpiIUYTjC2eiFlZld3Dzg,female,170.5,67.3
3A6D14akEnvm162prYgUC0VP6OEeXbRVm1Iq7eRTsEs,male,176.5,76.2
91hkFkRlHkbUc_v76OqSfOTGr0WAGZc4nJqeGTs3GOs,male,166.75,68.9
WE20rjmm2CWU7RMyJrkGe2OthnP6RSvVxq8cLneGO_g,male,174,74.3
BcfLjoZiAgGyAvozpMYCkbXsM37U12f0bmXpYN3dp58,male,164,66.8
XhdYYyUbTJ6rCqfosof2q-xfn99gTX2LjiYqYPTsc2Y,female,161.5,61.2
PsNriiQw43ZxP6OA1jYF0Ie-2PGjrntpETaX69ye71c,male,165.5,55.7
X9PXsR-6P0aJrApLb5U99rVuj-a7ZEg3cT4_ZsPdjhY,male,180.5,79.1
w0478BRgZeaZDHTp1jKrUoDgcAfnjTpVDHhWvxJHWIc,male,178.5,77.6
I10ukfr-Y9oCFwgK_PgR9aQN2QJQiUp0RdZ6t-8q6TY,male,180,66.6
O8Q12m9aQL8_V0h2VNlUGSRNZmbsbcusAC3-MFXLUk0,male,168.65,70.2
fOCheDvo1LbFwYLyHekXDBh1b3ph4qo4v8rQKfe4kWQ,female,162.5,61.8
ENgw2m_MNUmwXsw6B4gqR0zeU-YRSH_QSuLOAD1qcv0,female,165.5,63.8
0_Be70jSUDcGB5ClohaaXArKKavaPoKiI0b8OAnJFbA,female,166.1,64.2
EieZVPA-7JeO9Em9PMbaImzut1JlGA7oaWh3ou4h-Vo,male,177.5,76.8
So__VCY_i8yV16N2gU6_7dHN_WwZHMxxjcUHsNU574A,male,178.5,65.5
6k7pRulKbBl3UUsj1Ai1CMZoddcRhpSSIkTBRp7VoZw,male,171.5,72.3
z1Cj8-tPo7XuylEL1c1i8tcUCuQqRBQpmxaGq6HXPG8,female,141,43
lnscEWH45_MGVPJYyOncmppFc7Ujvf_LH2hvl_MGtOM,male,175,74.9
l3RUA6WnT3ZgHcRQ26cTjxHwJhdd1CZhG52_CZR6k1I,female,167.5,65.1
qC0CjHxBS8YG9nJlbKCjTagOLAuGjeh88yhjMdpJTPk,female,174.5,57.8
rK2atJFxHpSGXjwbvuYsSDsE9FuZYBY1-pTFM4NfxIE,male,182.5,80.5
E0j_IAN4AJLKZCIAGxPEeF7iyZsMLi2O669WH9zPnkc,male,188.6,73.1
kVM9QASz00QiqQUqerI8IdstVAmfwA4h45LsvqAsvcE,female,177.1,71.5
CZWB0NkblOqNNXBqmUX35LqKjFe5e5JKVsSf6R4ER84,male,169,58.45
X-q9VE1Jm8Nt7O3_HYRJe_Xask4oljYK2_N6kA3TUKE,female,166.5,64.4
EP3nlJStPZoBk24yoJJ95kaD-CzK-Bwt7UeWZzA2Tic,female,159.5,47.8
cnkorkfNKDJlkeRFQnrTlNRnjAGO07WOzS-IsHQFOnU,male,171.2,72
_dZv9Lx4QQaErGPVW8IDcAvXFt3o_LYh6fooPl_Gznw,male,180,78.55
bxaHd4R8VtYmihv1nY_tH_aBpzVjqNQydX1k9M6y_lQ,male,173.5,61.9
r6LX8wM1sDhOh00gUNbyvkIxaMi_IjeFBIPyT4nH2eU,male,165,67.3
NPC5AE7iwKfWfpBfXabJrkmqPUFfC93c-kUzJxIlRpI,female,166.7,52.7
ir2bDyTnv-Kqq31VJM8H81onNCX-ZLfcRSJLOTHTHvI,male,177,64.55
EDsQ5QTxPA6HU6P7h33H_tZj5Yu4TVqujzoI03f7PRk,male,181.5,79.6
Nu5Z5HISeZzUc04Yl7_s7jAd_lVljDYKZEnHkj7wqG8,male,174.75,74.55
RDxjKtYfF_820cUZ7zkbxP4f10QxD7eeLywY15TzAgY,male,166,68
HuaqelKzhTLHBzNK07gjfyWypynwdegHlQ5csd1h1dE,male,181,79.2
YyufckRxZ8zPpf4cXMTEiB6hKuQTMli4KLLm-HIIa_s,female,163.6,62.3
kClw6T0Yv79VtY48DiyFMfsuuOMwBprL3Low-oY3uFs,male,173.25,61.8
59bc276c681516389ccf47e4,female,154.05,55.9
7McuSPbjJDQZAl-MIhD3mwI9s0PWZxcD2COwRLwRxJM,female,154.5,56.2
PEHN1aqxst83Z9A4dsV9vlx4izfDR4pcnR-j3mGZQFY,female,163.5,50.65
l6-GeBGVeOEiQXIVpFg1JdGUeQFiZmjSiDr0ThLKCFQ,female,160.5,60.2
eRj17yv-E6_O8A3DNw8_DiHgSG1QmP5ztJVJRGBrca4,female,168.2,53.8
6pSoYMGobKGaplxJ9bYxiH_b0bpbbF-idqM7990uPYE,female,154.3,44.5
_VHnxraWanoiApLH0NaIPJqgEKK1kWVxv3nfm8_JNU8,female,166.1,52.4
XgcPgqthLt1PRFuXfxp0O7nZeHNQffA4Ma-2ByOeckM,female,153.2,55.3
CzB2IamAjhffe1JtcGkG39D1xx3pTu59KJ2tEPd_fIs,male,180,78.4
vjdssqMEzyDoZ89vb54P5mL3DbNpgZKbqM9hsT_33jQ,male,167.3,68.9
aJzcJm15vAVWTYJqf9xuaqZRu-31GQoQ25Q6Zt4Ms8A,male,161,52.7
rsEsfaP1dnCyh9yJzWRO0Ku08gXboR0XWeXMM2BiiGI,female,170,66.5
pfP1nZB-5-E3EXZwDe2oFWA8ymDVcLt0kfV2IQOmGlQ,male,174.2,62.6
MmlaGbcovUveI_4bIkPI7PtbtuIXmJXEuh7PcWd1vs4,female,151,54.7
zK_20ZVlXng8zxikFeTQvkc3iNhxviWNE6NP7UqQZa0,male,169,70.1
gxiflT_j768yMiHgM2ekhrYdsUIwEqBzY3o-otW5yNI,male,169,70.1
dfL6a6t-yBs9tnc-sZs5Wmuq2lyNNzzf3PkHC2PDdUI,male,180.5,78.7
KhUMWnLuJuU_heHssK7sfl737LWj7j90yef1ZIFvoZE,male,178.5,77.2
59bc276b681516389ccf4781,female,153.85,44.3
z4s4b8bsC7hQF46iowvWZErMqEkCg5FbcD3UBMBDuAg,female,152.5,43.4
Cs-o0pke1roKv1voqw9fRI46nKhiUxqh2Ai_HQPSc0w,male,172,61
z-FjBHDB8lRvDHsxjblsHCwQlIrJX2ASn4RnA4icPCY,male,178,76.8
ab7bRafyY04i5PWb5TQgQVwYse8vy_gLByZw3b5_FYk,male,174,73.8
_9EvlptkqVJhx5r12_olf87n_ct3CrwwDE-g55remZ4,male,174,73.8
sorxnN9FtKKvZrZlIhYfhuPZY_CS5YNxCbNyso5F0Qo,male,185.5,82.4
UbhnstuOupSLqT1wAnBu3Ffc5cqLOsYBH9aZPeibkUw,female,157.8,58.25
FqXWVse9UG8RiotqnTxIYLZ5ILjuqw3owUBqr1BLAHA,male,193,88
Op7RQ5cjwd583mhbwbcgJgBkiOvpIBlAVzi07o2-69I,male,180.5,78.6
Qj2g7jzcDOidGBcyG5ZtqGApt97vV1BkLsdju4fRFSE,male,180.5,78.6
TB9sPWPGjbzUOXgBYGT78c0KJMB60oIDhYD-jGOIFmc,male,182,79.7
N73xUItebJGioWcFOIhTaSe_9DJboDfYZXXASeeTx3E,male,165.5,67.35
LxZJXKfopLyKPDPE31DluKRZFGvy5sdzmsHks_TyAPM,male,172,72.2
tL__KpRuQb31MRz99wg-6vFhlMCBokmPAMPJfORkXKY,male,172,72.2
G1cJvbexZIXKGdvja22JWyvwHdLKKmzp7oKBLC_GU_A,female,163,61.6
_NDKDZ_FUItQgPACP7sR3Ber_IfOhrcmJUINABjwdkk,male,180.5,78.5
2uqwQYJeW1_5NdLEZB6NKIRVqsMP1Le3OylPAkbrGdo,male,166,56.7
kS2l8BxM3FEOQkITlQkcnXc44EucNbX6pOL0_-l8iZY,female,158.8,58.75
59bc276b681516389ccf4784,male,183.6,80.8
a6C0JXb3FwINuo4m9L-eq9Nql4ky28br0h7l3MZd12s,female,161,60.2
V_0sGaklZkDdzIbLXXah4By9WGnaX1cyo3uSLJjvl1I,male,173.75,73.4
Tcsl1T7nm2w9g_-EcckeB3erb9nyXx-zel-M7_f-6Gg,female,154,55.5
z_dRmGW8VHAWcCqRqeHDiBPbeOEhjNbGnEmR2QMscJQ,male,178.5,76.95
2Q1z0YAxR5KlamR3g5E3v9P6MYZkNHS5Jc3oReJhaAA,female,161.5,60.5
ReU8t8rSsjxvbMQftiQxiI6xkDiQBKQkO1jJZTYJxOg,male,178,76.55
DoCDz-OXvZTOsLd_FeNcKDJ8P3TeHgw0z6dYdBVYiZs,male,189.5,85.15
i3SvfU4QENc_5cPFWOb7r5iNEumdNOYuj28e-Qw4J54,male,169,69.8
#NAME?,male,172.9,72.7
Ygv8bachxIhg_xghC8vaHDGzMJJoVjbR7WylgU_yclo,female,155,56.1
Wx1Lwfo7sxMWqawYX02arJQ4mrLCJ0Tf-X_zSQ4LV3s,female,171,56.1
LXRxXZEf4KcT-1ZhSPBZnGYn9E4RvBj5eLY0O-yOU40,male,184,70.3
groYznJWvyAz-DVhjBx0e_GsqOjzWjWwfQLkrVaAbjI,male,168,69
_ToIEVbMdssywyK_y8n5Cx3IR8U2zzLK93pBjdJ7Y-8,female,155.5,56.4
ZMzqnKx9IEB7ltrIt44-76BTn0aauxEmHijcPu4l3Ws,female,173.5,57.8
K_II_ceJULbMT4-1kDxWSxcLNVQVQ_xXiH2yEzIwerw,female,160.5,49.1
ycUM0ZvcGbWhQZfMY8CsUGDEeKHCVveSPSBvhkmkmv8,female,173,68.1
wrDOCu7G07S5kJa1UNP7ol5UvBk_emF2JM7U3KQNJjc,male,184,80.95
j1H6kmxPR1dumtto_waJe5rCygfk9sNE5DkzIuzL4DQ,male,186.5,82.8
ReXksxD2slcyWPByLyLntNmLGJITrJkkgxHefm7FCSw,female,161.8,50
TgS_yYcLOuY7Of8dI9_BSUucaGg0t0RTQETeUmtMiio,female,161.6,60.4
M_VIme6ZNwUHowz1e0dEdO7dB4CUb4nq2g5LJrboM_8,female,154.6,45.25
6PZ9cpIq6FDbMhzwtoeGDW5kqAB7XS14Bl_f2uxIbJw,female,171.1,56.3
25wYmWQMyMINDvTLdFBqo7DqImxYNxxYGoTBhGM2sIQ,male,173.1,72.7
AR7uEXdi39EGZhXMCi74TR3E_kgSL3w9hQIhNDM3Y0U,female,160,48.9
amEDnKtN0mlVtFnGUdW68D52yrYHkxLH_-SZ1ALS-sk,male,165,66.6
VCZBbYfbLtmQWeydeVulgudrHg83qDlmEdDkDmpXXoc,male,170,60
YLD1EXD6oxZqpDO1ANkUnEjZKFGKXusbpe7E_AZEZDE,male,174,63
#NAME?,female,158.3,58.1
XDlLYeoupIRBh03sGL43Yc5pEgEXmwIRT9kSIddJTFA,male,174.5,63.4
o9nOvUoHnwP2VDsgiu6eWZT9-w2k3xcdrXzS_3USI6c,male,179.5,77.4
vTYEdUF_1GnwMHC1j4X8J8i3IhfRvoxxQGvNTA4S3W8,male,165,56.3
1KrwWNhtm7WrMFYURvkl4aTk_3kOdqtVURRKQoYX8XQ,female,162,60.55
GwJ56ys5D5VT_bl-eBWoGeGqe-huZ-FDPf8tDLchjb0,male,177.5,75.9
0l9HwamjLJaTR-xGupD3A3QEifjvAZCHHfHJaD_68Mo,male,175.5,74.4
xBVdQpbiLJF3BxoZtzn-OHZMPcIQMvkLWLdOaCfZ5AE,male,175.5,74.4
_pb1fpnX8GCmFRnJt71zDr_dzaclZgjSf-HX3-JZ3WM,male,186.5,72.4
_JWBlHYULQvH3q9J0uZpg3AXHUE3AlJSS70jLgBmTw0,male,179,77
1jLl8NjQyHVM95IHGnTZBxoQ4OX-3fbF06vMmE6Ynr8,male,177,65.3
WWRWI5zvrgDBIFY0RAY7NEVaRNVtdxVW_Vn9CiBJS-c,male,170.2,70.4
FwKn-jm3nCeeL0h6WpYdyUgAQd9jn1r7V1DlVSacAFQ,female,159.6,58.9
ei7kFGHHZpMP_8LU1tqqDxQxHmXgMeidPgIlpsON-JQ,male,176.5,75.1
9PSYt1QA1V2LuUeB87QfewhVngE7TcysOfWIMO5ElTg,male,179.5,67.2
ESRIqrHhBYXiO2QN7t3PaTybQ0kJTQnfg1X9DvyeUZA,male,174.5,73.6
ULAkWQQSnY297whLCEaFWc3LYv1EBLria6tOxBRiKaY,male,183.5,70.2
ilRKRNq8J_jHdPlMvzPJfgEy6-hTFLYdE4p42w1BsWs,male,172.25,71.9
7R3ZLSU3UC0OzNPDENGA8_CmaR-zVyj6DcbSlEwQJG0,female,171.3,66.7
7pFmxlMPyAr0x67uq_raVRLfaYlNf23MUYOCFgQA-54,male,178,66.1
jRVVmniEjFboTrGpJxCsUEV58h5yev-85b1Oag7Kgds,female,168,54.4
2MFLnQLsH4_g6M6jy-uwBj_Al558-7axwV6hulPAESc,male,173.2,72.6
TLI5z5j7y9XIr6a-acw6-gcpuKN6bHj9IOq0Z4CdvN0,female,167,63.8
eS_E3lqz755Y5RVVv3xILlAD9JMgrqLwWnDkGdehwrc,female,160.3,59.3
unOs3TADGhrMFaKkg4_Eo5MgwiFhSjq2QKcXlW71pII,male,184.5,71
P04VOrUsLTX6SIW5Iogjg7m40YuLGUqVBqRSEFya9GI,female,168.1,54.5
yI3ggbDDMGbpyUyqLMB2ESSttV7sTcq4Q3sljzli3-w,female,153.9,55
Jrj5n1ZRDtJfs5p9dhCAQGIIYkIbmqF4YZs2QdqWE6o,male,169,69.4
88QRd9zVNyUV1rWgV6RP6G3T3bDD40m_dqQbc37GZWo,male,189,84.35
EBFIHGLlPfeXlotkyUFlWP6VUxGoWbXvpo4jB8ESXYo,female,165,62.4
5sX0pr2d25brSxyDduPE6bR9NiPFlYJB_7iiFN4hzdc,female,156.5,56.7
JIkt6wDK1RSR-WaCvrR5uffSpECG1ZBCEhyBNI8-KiM,male,191,85.8
eaJoNIErQRATPzMdDYaFMDm48na6oTqp46Z2a_Ttfnk,female,155.8,56.2
EdIZ4UZyPF9NeVOxjGlJKATWntX22ts3CfBx99chEmw,female,158.5,58
mggKD_qrTacSXiWfJBlKFW_9UubvJYtbeJVGPXz_ScE,female,162.4,60.6
IVZsXcxTQUz90kwtRiKB4GtNs8mtCn6CfhIUT-FImgA,female,179,61.9
ECoa3Ple2_VClgZ3w6ArCH22bluCUpp5c2egmx6k6SA,female,170,55.9
nU_YrRd67Uyc4OjJ9yonyyfzsYLBPYVuQq3ACDVJJ-M,female,165.8,53.1
lIMBdxq-hL2x3khzzweWS3Utwae_OMRtc6VCQFBZzok,male,174.5,73.4
a27zN_rxs9_WUzl4TsrXOg6W3ztO8D7OlEVSLVa9Or0,female,165.5,52.9
XI1sGfmvQgCa3yNalqQWwxatqzp90nppgjh9rTRyVE4,female,164,51.9
w-YeNUe-dKCz4cUR9xfHme26fV_mCW8c1dldhYJX7fg,male,181.5,78.6
XQQ7uvi1ayiZmZ-ZTGywFjff9JKwiM-S18uL_-Y1hbA,male,179.5,77.1
_o3GopuYnrAIwiRGyiLGWHVzEc4E45tSp0AxxXA0n-g,female,156.7,56.7
R6OR4DPv36jHJz2ItpP30U5G0lKe8AwmpmbIRVOScHw,male,175.5,74.1
-67TrwlJ3GSsqPeHaa2Nb0iQ-BKZfIx4ERysQPZ0-SY,female,144.6,44.2
3HTxlEply3gwyMnwXZ4MJiN0FwDmsLLer9CnROMOtFs,female,173,58
H96X3Mk2kr5Ok54Lck9oR93rz2WR7maI1yuww5V37Nc,female,170.5,65.9
9jXbtUEAC1zTPfk9VU4udah5F95qkUZMWnDZc81mDVY,male,180.5,77.8
eLjIgnMlJKfK6MIRaGa3HCfnXpM04E09QXkGiCxKJAg,female,168.5,55
ukP5jeVth41W49uCDHzCO9ZPBR4srWQKb6qG9Onwlzg,male,186,81.9
Z5ntNTIvmbC8CIfxJ0hC-k3JY-9mizxwmaUDuf9givM,female,166.2,63
p86gFKi4pupsfPfBKxQfGWFRh8bDdRQ7MFJFmDT9b6Y,female,163.25,51.5
VBCbaA2ifumchk5h2MAWC8fZCUk7bvaoHAKmJKFkRMY,female,167.7,64
T5MA0-DqcnegkRCcyq0d2SrdrGndkkeB4kc0Z_V_Kcg,male,175.4,73.95
XxCUXp4Q15kjEVTx1Zauuc1bmw9VLShiAj0sif75dIk,male,170,69.9
59bc2765681516389ccf4530,female,156.4,56.4
V_k10O70CXqxv0hbcoia6T1Jd44tYlJ20TzaInUo3ZU,male,189,84.1
HZfMQX6KnquJMJXRitVrl-Wcn840Pu-v-EPxoqxC6PQ,male,174.2,63.6
MWcbN_WLcKpMM3QvM_9zIBses2-kdsq-PPVRQnUOLR8,male,175,64.2
COBCfW9dpPdtWTJu2CzyQdM7de12tj2ggfL7I-Dy1wU,female,167.2,63.6
_enn4x5S7iiW8K-ZLHmdBZMHBA2gPAu9l2BYrsrMFws,male,171,70.6
WpN_vJWJQyUl-xcQ22hQiEgW_Df1Cjs4wR0LsN_Ye9M,male,180.15,77.4
a-HTa9SAriNkAGXwse-2uoHH41eWrPaygLHxsSLhZRw,male,179.5,76.9
16g6TwQ2kASxk7A66mydC1_YTQ2uY_-eDhUVKIRiXgY,male,164,65.3
ztYNUlq8M2d58t-fX1vsG5-JWNdZgtlUwYSBhDuryf8,male,192.4,77.3
lnaW5eQLv61loM0r1xTxYJ8wylCmL2XFYwqONdjUpx4,male,173,62.8
o8I7BC05vsyAYnyPOuAj4_XmXRQ9jB_gHDSlzU4zXUU,female,162.7,60.5
6nhmektE6ad0XnCmzOglnMvhYkol8-HBL1KCEcdKSPI,female,155.1,55.4
59bc276d681516389ccf481d,female,164.1,61.4
NXeAR8_-o_dyyX6WZjfWxsZu1A-ubHRXI1TGILQSsgQ,male,187.5,73.7
Tl1DIq7LCXOu6GG9TyJKbI3an7F3dSdeVdjao5faPfw,female,163.4,60.9
7_TIgScs7UCprHSsOhg5cme6tH5jjsX7YDUWJwgd-5Y,male,186,72.6
aUXNEjfJ4oGoLEHnbX48nwPpMortiu4TuutuZZ3jm4M,male,181.5,78.3
7n0boQVkWn9FXZQC47-m98LfqkDcA8eBXtxbVJTFZxE,male,166,66.7
tUXZCS0cx7bOR3x4zowjYasfwlwLZfwh6XaJ2ki7RO4,male,162,63.7
VQDsKkfK8ABIqEsMta11j61WsZK6VYMZBo1Kv7NmoJI,female,161.5,59.6
#NAME?,male,178.6,67.1
8XB65OIFyJWssH8CLHyyTWVuuBT-H3u3C1haKwy-LkE,female,163,51.6
muEJNrFoTT_vtClaQ-QbYu1poMnNlzel_d1gPHXf264,male,194,87.6
ZqIJuZiK5-yL-8aGZHGYuNdHWlmhtbRwfLP8B2nzoO4,female,163.5,60.9
x9ThblNEs0d1SG65yjmPYY_sX3fjXL4C2XO5HI-dkP0,female,166.5,62.9
nby1eL0lqv5vd4YvP53ZyxxZIYlwHkES820Jiiz0opo,female,166.5,62.9
59bc275e681516389ccf425e,male,180.2,77.25
AUIZuo6lfanwDEDqrbi0_Z4Rsle6CF3P6RaNyWw0_Sg,female,153.75,45.45
S45BGG7fwwStlMSiUGTnZJTJYx3izNJXWKNQ5fsxIlg,female,158.75,57.7
KzVubtjZ59Pk0KE1g03Exy5v9B9VfsKWtn1oiNfoguQ,male,165.3,57.2
lWgtN-d-x97h9wtIUhzbOUqyZJ7pa6pGy2HlAIlKbm0,male,184,71.2
l-5tHrJ09gaRXgd1b8cMr5g2RmzK6SdUzAuxCkpoMIc,male,171.2,70.5
_Z-4wflkRVuwwIJFfD90T2-ueF0s7HxvY-MdQ_0pFPU,female,153,45
65Hr2F3AwIYt1nNQaCfz0O846XdFrWBG74_H5ydeeMM,female,159.35,49.25
gbKNI-wfsvgJR32_PRt5qTLSQhZQyNixqRLFGSrsfc4,female,164.5,52.7
5tYrch-RIFBKZvBrbi6l4kDWdbvDSxEI53zArLytcL0,female,172.1,57.8
Fzkr93_eCi1po-1rOc1iQA7ogk_z_kbMMB9H-M74NM0,male,174.5,72.9
tygLRr1E8gG_s_W-M_TJ45C09ekCUmSmmMfxWpCvKsg,male,170.25,61
8YgXcWe0_qvmBTG-C3zcan3y7XTDDI9i0OyZUOfrLLw,female,158,57.1
RjXw5CEZ1E-C2dyiHBaoTiE-7wvIySfKHUAORkxwNF4,male,178,75.5
28hTTQZ5xI2GpnhcNeyFFZF_TIz3-SGY1AqywAgwBpo,male,171.2,70.4
YA0piHl32MSDrXwwYSzw0xZkgZhEQ-dT0fbo7jC59FU,female,153.2,45.2
Lvom_FFt43plg0Ivl7tsQKD92JSMspb5x6N2wUj3a00,male,170,69.5
NjDOX-RO3P2kO5oGbEG7fVRbxCOr9Rq3XMAKqle1qYs,male,177,66.1
o7s58PUTsT5yQd8DXsSetqhtl2BHn-coxbDQIC4PKL0,female,151,44.7
-9Xvu9djN0oqidP9sUUQ-DZ6A0_upIBwARnNv7KTH3o,male,177,74.7
pLH84ObNWBL9AUJx-t3hJIuOr9T3qpFJFHnXtfrgNmY,male,179,67.6
QaLad0bdqMYb9vpplgK_scMV6Z2tuAJ04pxEsdXFOMA,male,183,70.6
5EdQVJ37qU7KEOFljXRCG82sXR7es-CDAwIzc2oNX3g,male,157.5,60.1
OW69pCNzvuyn4IDrAvGcRw6BjIQPd71jXCOtNPWpKIg,female,160.65,50.25
USmhBn8O9THhhyAypEL9u68iMWV7Qmy7TR-1EV_jZZQ,female,165.6,62.1
B10606VgKgwKhNZbpLpWmRMz9OyxGOh_GsYBqDBVuoU,female,168,63.7
TH0MiV9KcajD00Dm4oCUNaMx14p36PTQyxhJcUUN3Cg,female,164.8,61.55
S0K6y-KfAfl0vF2ldf5Uu5ISSEF_Z3Kznu1p6VUX9sY,female,155.3,46.7
4Ji4jvSX5vPu7giQHWXRgilR8UetKbKXNRwnKE7CHsE,female,162.5,60
goHc9Rc3JYmvKwlVvNOj_rReVQAEb6augswlammHYfY,female,164.5,52.9
ONExtjPuO-BP4G0Mxy8Hnm5snWhuR8xoomIwRPxkGXc,female,153,53.6
TjUvH8GaZcADOnXQwNaajoaDp6G_sEk-R_cEFXjm-Oc,male,183,70.7
bKYofWY1P4a3avGH_z1BsSWftlVHu9rhanSrNZ4w_lE,female,159,57.6
m4x6xWTQBST-ZnQXosv-NbuU8LBARkSV8RUqkyp5wbI,male,169,68.6
ykOqpg61ldXvylQ93x3YB33HI7oTavy301qEtZXWwHo,female,166.1,62.35
lyUguDtiZsg3Gf3UTGaXEJUEbOxRj8I7FhzS6dRdi8o,male,169.6,60.7
YPnEHWxacMD5_r53OqT0dhhIxX5EtqxwWA2t5NNIQFI,male,168.5,68.2
DO8tooWC1qxpc4dwwCTnqTaHt6AOSqh4hsH8PgdFRUk,male,179.6,68.2
U1ohsWBuEi2UBf804eKk5bN06_uDIRHjXA3rLbWQYHA,female,157.1,48
rwNErR4KYZAKDumaBGC0fMvhVtJa46wtR7SNo1CmNew,female,166.5,54.3
A85jp7bNmv_K4qwOlKkYUhq8jD0NdTiPnw-ww-ITGiQ,female,163.5,52.3
GFy9ZiAZQPteKzU20LglQEdnXUvL6Y3Ho1ScbVkm9xg,female,157,56.2
lWTWAj_8Ggp1KXmvc5DKmTkDhb-mVN_oM5CnGCvo5GA,male,173.5,71.9
6XXC8kAL9hpfWmFp9iu2TtzspgLOeQBVEwfEPIRVs0A,male,171.5,70.4
Qdp6TYwkdxbX5uoZpl2PtFjq4Vq5PnUV4j5xrz-ZQ6Y,female,163,60.2
t6xJLdAOh8IwlmY-KssZFvfWFossDWgDBdGj16s_NWg,male,175.2,64.95
I8BI3wv3aghDCeaSa36TdxzoN8tuvQBE0v4X0ts5EX8,female,164.2,61
OkD_s5l3lVIhaNKIZPzRPwKaGobxBEXGVQ0qW86r5A0,female,152,44.9
#NAME?,female,160,50
mU1drvS29MI7Z3LXMpudK_NMTUwuBHDFilo491kDmqQ,male,181.5,69.7
S7yKMTRDnBadwqQLxj-YxnZ7tUY-sxd7zBKF-N-laAg,female,159.5,57.8
hBi52O-rU6sLf4l6F44AS7sOOiCsbTcnQG8s2iUGJT4,male,174,72.2
lSIFy0ZBtOHtmpFgVEDMYk5Zt4ev4CTcC0Ua3LAI4q4,male,173.2,71.6
mh64Ub_1zlkscJ7gqBynMC8kLMrOcR35SBwCas8jBi4,male,179.45,68.2
nsbnyeVNqGE6igHc_yqwmJajcmsYZYWjB0nxkVqAZxk,male,179.5,76.3
wo1RxJr9GOOIJx-_rCq-eYHvTzhqR4QfEtxMqNiXSGo,female,168.2,63.6
VjEJp8YS_CGPJPOt_p1XwjNWq9Vf0RMko6nOToPZ4Vc,male,173,63.4
QfKpuP6dZQy-hOYNYE5Unp5XJ0g0H2AU6yLy8KASKNg,female,155.1,46.8
o_P4XZjstn1eM91yD9l-jZt4i4zQRxyWh2IjXFPvc3U,female,164.5,61.1
Za2gVY9IO7cSatR1s6MlJT2Ym9kjgf5dx5QQ3dqOMjA,female,153.6,53.8
6ylM1nS393YYnXxtK-gVtCQzv7yQ-Y7uizj9oD3a9aU,male,169.1,60.5
5Xh-fOMeqv6IdKC9QUomitc2GYfGUqP79yO-sQDvXPw,female,158.5,49.1
vK1-RUhICFZPQ66-rt3Ee3pOShmpzuq2ubSV1I_hdio,female,160.8,58.6
O-D1OAwTqCs1SY-zv-CDSEtUTSUZ0SepKK0-ypBzEoc,male,176,65.7
YK5kKZSFwbHezYTwzNsNiQG56io_IhgEHbS2KAlDE6k,female,158.25,56.85
fP2vEUIYYHAiW-jnii4IznyuUyDDHIdgSqyKv3OZEW0,male,174.5,64.6
pRw9geCWNea0tK6RKkIE92d7e9FJl6Yz7t14twoTQPo,male,193,86.3
aDIGoV4dmZ8dlSTK8l6BYJQxuysdXbYGDq00PApk7xY,male,182.25,78.25
AJhTuQCUcGqNWYEnrAPV9E_5n-63xapWDqLl5xY09b8,female,158.5,57
i45bbTSs4418BrHmSgp2-1cYp3Yj9BI6em6C9m4yCsQ,female,159.1,49.6
GOLoucWiN-1cLXsY2PrXwphcJOT6gdbPR52CYlxPybU,male,168,59.8
YPz4NM-Qc1eTi_-HSz5bGAq0Fz1uc-s6OPD3FuQ1Osg,male,174,64.3
ej3aqsW_KwyK-t33WvvoI5EJwiY5wE575Q270H7CMRs,male,180,76.5
3VRHRAUSarSp-p7b9P_8jny3ATIbHuvz3B0BiBSWNxs,male,165.7,58.1
M7AiBl-dRAnhKf1-Xd2twZBBUNLuWe6m6jlJFk3WfQE,male,176,73.5
pPjzmrsxYBEszhwDcZQV900uT3FQYYtzNqwFhyGZB6o,male,161.3,62.5
3LJlY5dd1LxDQyqxQtKKevi7R6EeTLOrgG-GB8pP08Q,male,182,70.3
nzXOIrME2nqNezEfWx5KEho04ts4yIAklDSTuurjdZ8,female,155.5,54.9
AX7n8bvX-5xbg8q0cCKaxASM66m2Xg7msSV5tYExzjc,female,183,73.3
EJ9WxsKpBR1iAQXdMdj1nrUbRPwihEfi_SGgd1NN4ac,female,159.6,50
59bc275f681516389ccf42dd,female,158.2,56.7
rQEW2xANPRFnYpwxbKMqPRbLJhObWL6LuXKOnJQmaWw,female,173,66.6
P9xEH1gTLHYiXIPkKlGqZ63y1rExLqOPPSkimNdQsYc,female,161.65,59
oUuBVZfCJazF-eHB_8vEqHuLJsp_EpzDzEM_ipglDEo,female,155.5,47.3
GUJnXTtkEF7HE4yvdrag3QVGGtje3jTrYtMBhg7Vack,male,179.5,68.5
MQmecK4FIS6uznz3n2Wv8DediRJd_EZqDsKh5J9C_2E,male,172.5,70.8
wEiE2pV4k1O3W5w6TXxcEU_zZGThKzJz5cV8M4nMpjo,male,183.5,71.5
7oM2JajaH0PtE2ZjFWPhhrnr7vHv-V29JgtiFmaKZeE,male,175.25,72.85
Nny-tpFBmQu8scLMjvgDlOS__2jOgH-RSkx_JZE48Bg,male,172,70.4
a8AaG8a_59K81mG6htxwIf-f84E4WlpalCZ7YEJTDbI,male,170,68.9
s7ogioDf1U8mqqsD7r99clapeOQQfyr55h2X3ap3XJE,female,165,53.7
PhWGxRdPqcxq4ZCkS_EgGaro9Nq3krfllRS9EsD7ppg,male,179.5,76
b_F1041yxqa7dNVpLoTnMQECDX6dKk3eewENECpi4Pg,male,177.75,67.25
ziKUi7f3SOKFW8Dqoz7x6j1zwCUn5mVMVWSb98wL_co,male,177,74.1
X7QJfh5duqzyVbHswhKojrhX5VXtZo2i4F-79kLhQv8,male,171,69.6
nPU_MwQ8y7tbsYl3ae8_1bhuRhlK1IZGMWEPZRe9Gpk,male,178.4,75.1
B0Z9Yi4-Fq_kfX9T9yRIA6iZrVAr611tdGaSdtGmckg,female,174,67.1
2lEWBQrGR_vm8phdFZXOUSOhbHgplfgxN8NXLIJvAFU,female,161.6,58.8
w07I5jNdD1zi2AlywjFYFhZ8pktMXikWmJ_XfIDvEzY,male,183.5,78.9
_FfeVbuKdnPu_iK2drIo6jQFc3BRA1yPCiK0-V51NaI,male,183.5,78.9
f1baT5QGLKGZMyiGgz7r96aLKSeyfC9kkDozNlGuNJY,male,170,68.8
lf1daDsTtl1HzV9Oozra0F_D4_8v6DaFaGXiFHp7pGQ,male,174.5,64.9
2iddLMv6IBuiVCaT2BJzjPJXfB5xu78N0UxRxIf2o_U,female,172.6,58.9
oD8YJ6R_haD-1PxgZIfodoEgImW0px7SWqq-p-r64dI,male,184.5,72.4
dARixgPkbGTv_EP1s8nlBQMlBOoIDsqD_9ry93ScTWU,male,175.25,72.7
guxJ1sm0teV6wejF0hpQD_A5jpAbaNhxWHfUn3_caic,male,181,77
Eq30yB8n2zijvlsS-MsuQovhI0sCDl19rfymZQ3bZmE,male,168,60.1
J0Jup_UFc6U9x9w-Abi1GBdv3NeMZdE2a4JaUB5gy34,male,186,80.7
4Ngs_ZDYsC_izZlyGC_T22og7MLmB7khPDdagnGdB7g,male,170.5,69.1
59bc2769681516389ccf469e,male,168.5,67.6
oxzahShpwTQze5nBX1K1MEam1UYQO9hhMx1zr0E08cs,male,176,66.1
rnKJYS0diYIKNKmo0QhQfu6Y1RNxQE909ig7dvEnhPY,male,169.05,68
9wCJatfv6BpfIhr16KyPosqMAPyrZUL2SCdjDms6N_g,female,168,55.9
YQxrhrxpKSH8xTQqkGhjwmNJa1alqHlCTHJXHAJ5mS0,female,155,47.2
59bc2770681516389ccf48fb,female,175.5,68
Ob8vB_biehhDu_hwzWjueaELAjJL7v-22Ijby72Up8w,male,179.5,75.8
NEr3m-lLFRiiCG6tPxjgLaH3ba0fslVxrYNc-pn-zFI,male,164,64.2
KvF43GWeO49psnYb89NcDMhou4_dR6fTN1nf6ymoWYE,male,173.75,64.45
JMI6dZe3SXbPPLFEC9OW8Q75tqy4KoZME55ABWswq5M,male,182.5,71
d2xqnAOrGaPfe9I4-9-7pWpEua2KD7e84_fzJ30lB4E,male,171,62.4
sjwyDUSvxsLtz0E-a3Nj5d5-qcL0R4MQiS0oFjPKacE,male,179,75.4
bYlXPEY7IZJStZHWG77crdDUu2cB9JoZg7PtUrIYBHo,female,164.5,60.6
59bc2767681516389ccf45ec,female,164.2,53.4
MEg2fJbKd6vFArod3Em2Yg6Fzg8I_UVysW9tVVNJXuU,female,163,52.6
z1q8vxM-R9ncP6uRoloYvCN3ntreu125l3OOpki5mOA,male,170.75,69.2
NtGhhuJmxasrSRLy3LsguIRU14n0gjoJg_Qr7Ct7-aA,female,175.5,61
A473kSGcBV0gMsvzNTpkfTPujQu9VzA9Av_zmJOhelQ,male,168.5,60.6
59bc276e681516389ccf485c,female,166.5,55
xDkDn9i-PtqwB0-IudO0JVam7FDXjLNto_iyXDEfjg8,male,173.5,71.2
4bITwZfmlJUYVTWFNlQsWqjmpXd7p_B1KyqLCAdWbVQ,female,158.8,56.7
2NWEZ9_atmcpO1hW35vimzq3zGQrfywdEdGvLkStrGo,female,169,56.7
63z9hct-f8Aj4nNaZT3lwNRfpiAH0qQx_MKqr1mN5C0,female,172,65.5
gb9KcVIn3anG3dT6UNCP1gdxfN-qcS2Rr0i5Ii6chW8,male,175.5,65.9
r53IS9V3EcytvMNW2hk3t_CiKvIdj6AphqbbiMy7rSc,male,165,64.8
9o4N8k59ukMvsfOgGMLp66-rLPw8OP-P-xvJ7PVGnek,male,182,77.5
Md6eQCCm8UBwwAjbEGLGWo_BFp4J32v4fs91HF2j7z4,male,167.5,66.65
yx3NAQN1gDhX5hDcrgZmzaIy5w_yyO9dcNkhFlcz_RQ,male,184.7,79.5
6lCPFQmNmohQyzpaKgMfsiOOi0dY4S0a3r-zgaLBlXc,female,170,64.1
UyHRmAs0a9DkqUIdvMM6H2DZZt8poOp0yppXVqiqei8,female,157.2,48.9
cpKOli1Bfoz9jqNHdyc5ByeeJs_Dweb6JvtOS7FqQok,male,172.6,63.8
ElgBV3Pvdk-X9drymBwRhLa60UK96TWAmwKvfRCxJ3M,male,169.5,68.1
W7Wa2Zmxp6o0xmaxd-SKC4XZTO6yZ--O-V5dZb1JILY,male,175,72.2
NXmoPHhsDXHFFY9qBe87PNHfINaJfDwlbacZeImZi1U,female,161.5,51.8
IHvdbiJqeuIulm1sbfQvT23TFUdptOvWXTg5oXK729I,male,183.5,78.55
n7A7slctUm4MtbuaSIKO2lyqaHxpjkbyfD_02oUtQFs,male,178.5,74.8
9r9UXEUP4rNlsPts3IprlY15Ikn3pbSbpz56rvkQmuw,female,165,60.7
W7t2YT8d182AnmwgJckYy-NcxdhHFQV9iHSQu3EVUoo,male,180,75.9
IIHoiNOLWvZ9I7UuzbNCmayVsZTvP0prTJiWmC9k27M,female,159.8,50.7
#NAME?,male,166.5,65.8
DsguZcPKClBTPnzsQ2AQz9mHvrN-oDU6y11z-2gcJKM,male,164.1,57.5
zKE0XxJMySFUqByIqFZOiN0NKULgwCHvcKlXlLmBoYA,male,174.75,71.95
EM-6EtL8D0Vm_DgCkXQmVxVEsmd_bwiQkH-066UyZsY,male,166.6,59.4
3QXMgxLgcifTE3JD5gChuT-j8lWjnEzRmQDINN_h3tM,male,180.5,69.8
Z44aeANozeUEr6RnkOhnfuz4xUWmXEKVzbMiR-_ojW4,male,187,81.1
llo3NTj2etefabjXxPXIDQOi885hqO0iww42r4iSggs,female,156,48.2
UJSmriR4qVLH4cT84OmuMXkZSr5FVGZv7D6GCFqHuvw,female,164.5,53.9
BbX7lHkhGt2IQ7TA2YEWrwhmHtOA8LMrmID9UrOwlow,male,176.6,73.3
r0LT9iFmm69nvU2IOfa2IqEOmYvLbJ_kwZF2xw4CcxM,male,171,69.1
UbixyJ3QdnK9uOm6YjoaGHrNwsTpwNaeuWEuEOs9nsc,female,164.7,60.4
Q-y1oIbsoe4Rqzy9N4iKyG8Asqb6CI_dA39f6Xayv6s,female,153.5,52.9
2mIkWotvZ3bR9jV31io_n-rAk_UmeW6FovoxMMtayA0,male,172,63.5
KiOh1P-1kKbeY_XDdSJX1Dk41-F3YrEAJvwwxj8jVgw,male,170.1,68.4
MwMONmjsedY2zn7rz5oIR5erkxm4cYrNOgDVcm4n0o0,male,163.2,63.2
5a1c474ee7cb790004827648,female,159.3,50.5
jJM8rOFZBqQ57LzAPoGBkwlEINFWlCZWQhpY0sMPWlg,male,185,79.5
F2hVcfRAAc0OEz5QPIHt5zGIc7QLe54EUpedTB6pm7Q,female,161.2,58
5a1df03ea6ace80004bbb723,male,164.5,64.15
nZ_F3FPNpkjfMK-1_NaNvBYB7i3g8W6RuBgWnBRgTfM,male,175,72
6VI1vtQ3Izv-Ccfa_SZqTvPvCeS1K1PMnpYKrKKL370,male,186.1,80.3
gW8ZU5f2ddM1YXRNfiBgrdKaao8aZCnOxMnILg1AvFU,female,168.5,56.7
Av0raRwCIkOPOO2_mAsoEehVscy8jZGYrLC9GOVIcF0,female,162.8,59
Yg6_L_MC6dMGToXCswTysntAHvOmLR-s5n-xW6m_6AY,male,179.5,75.3
dbt18VXZsn32dZboXFWZcnvkrxQT_J1t_swsv7rIUww,male,179,74.9
7ayEmm7kpuu9odyNPchjRmDxZzVMso0-yacXVxeP1_A,female,166.6,61.5
tIzeDx_VLh7QRmoai5gxMBmGeEtLIWKgsYivC1LNF8A,male,175.4,72.2
y4MtxKNHf0hQ0LL3MpeaEF591MsPNqJtnbGj6FHH0wA,male,173.5,64.8
FnZ7ZEVzWD_YNIjEdmg-2auiUS4_Z_NMpQXf_I9_dRg,male,186.2,74.3
8dNapeHYd_jNji_IkOHzYEWBvjDrfJPWr8fW01bifZU,female,159.6,56.8
ERRcCg5mF7lwV02OVW04-3jbDwK_LEU0Nx3FCX1yKoI,male,184.25,72.85
FYyN-I3eUVTrNJplKYfglP48b18n5SFmNaF-3XPqTWE,female,154.75,47.6
EYHKvjkoWEhaMdxSneiWiRED2E5xCMMOBM26nJiqKwM,female,168.3,62.6
S2mmeg781MZQc-lUFAQ7ShYJ6xh3LhzmNqNSN5xCu34,female,164.4,54.1
ZNGNCePYeJ8WkZFu-d5LHrMkuzGvEKDkF2--LrkNSLY,male,187,80.8
3VAjyqA7VZJYiY8-2KpTG0pMgxeUi26w4RSXLzz5q6w,female,157.5,49.5
sMKDTMq0K_2kq4Rm3JYEPP9XgLwkcLoEBSBREGgpWWI,female,160,57
8ihJtq2eo1xEMbVx1nioChqxCCPS6gQb-nzd9lm44kU,female,160,57
CX_I0JMcODvC2LPmlmYRh3etL6j37gcCKKrZfLuTfP8,male,184.5,73.1
DQNsw4euv6SnrLFmtGP7bulvghA0_pMCJ3xGK-s-rwA,male,173,70.3
wsh4PsTD-ZDGz0KGlgGwVpROjGkHUQhaNcHVMhPH2fw,female,160,51.2
#NAME?,female,160.5,57.3
qte7wJiIBIyLyRkpph7yIEKvsPSFXWsx1rKn4K4KNjk,female,163.05,53.25
tQF4H5bqlHtSHmmClQxq0JkZ1Rom7piv5U_OutDWA5c,female,168.5,56.9
cOGgTX0WHaayG9fR8O4uXOpyGT9RF7Zilq5MaqHP48w,male,168,60.8
u2VX_rR-b9Ygp5ToLLA8grPCNIFtLlV7lY34UmeWmAs,female,171.25,58.75
6ZI3FkX6g5n9L6AN74E8i6F6OjvYjwsnkgqoN8T9UH0,male,182,77
KRhhODp3IdNvOwJrGTgxyFFSajMFzlvI6-oXD7zUB1M,female,171,58.6
59bc2768681516389ccf4683,male,174.65,65.8
m5iE5ONAl9oOehQUPESjjt3iAA68qXS_JJKffnRNnjE,male,174,71
oGloXV80eCkx0G3DK31azJi7hXg0OWlgkMxLf1UTyzQ,male,185.5,79.6
59bc2758681516389ccf4047,female,165,54.6
NMF25R019iMg46ITv51G7T57n1OQ-0PqjDBBaBM-KeY,female,152.5,51.9
_r5m-6Cs1ruZ6VecGYZlSbNSMDLCVT3wYpjoXQ46NQQ,female,174.5,66.6
iSY6QWcZ0CbHmm_7nqSi1q3KcF0uW2PlHGiD4LQcJY0,female,174.5,66.6
9HxPwgDHs897rkdxq6WDeGiyOKMKHtlOitUDZNRk6xY,male,169.5,67.6
Dakw_gp54cuK-Oa6-S5oqbUodfgWsnLoDW-8ur0oX54,male,171.8,69.3
Xl9uwh-makzoHjeCE5tBxDx0-XX1fuByLwBP3KZPjGs,male,173.5,65
txX1Tky6J40Ji5FT5YmG2djk7o5r_LxjNrosBNqKwso,female,166.7,55.8
0llUez60571dPHH-iNUKIhyU8RNcRM3u8cJx27lOkkk,female,169.5,63.2
EWxU1yoEuKNYvYiUywPT4GGw-ty-CxzXZKurKUDeTp0,male,176,66.9
8PEXA0Sfr-ccgI-cjmAYWSeB_SOb61Ow4AvERq7vKGU,female,162.2,58.3
EN45bXeRCREnNHm6nZ-FCHtpgW5bGuJSdWlVLEebsL0,female,164.5,59.8
qczUZadyi4UuYVWLLDxHzbgY7ijckkCjpCx8k3lj2DE,male,171.25,68.8
M7W3KM6kChC2ZuIEZfASSnpPUwzsXctKnjlTHCvyvZU,male,173.5,65.1
cbjjtLZbo_7PsSANaVivPt4VzDbVPABwLMt0z0R0qhY,male,192,84.3
DzFVefVg0qyZwV68DGxNR7jyM4H3ZrNzeyrpBHnXeJo,male,164.8,58.6
AYTfYEz3WD-XDPEqz4dwBmf_kEM8aL1V3rC8IaXKhFY,female,168.5,57.1
yUrfQDl6hedEUzSVmkWyRNjuuQUiNhjZlcAY9t-kWI4,female,163.8,59.3
NSXAJhcfnGd2bD-3e2mGLkcb92TrafN8kMMQe4cqEK8,male,173.6,65.2
SgDusbluaGnu0xOboeb-2JPm-kNIjM8SOLqNrFdhnrw,male,162.5,62.2
g3YGKQa6zFM7cQzJbnBwcGIr4nG2UTYLwW6KRj6fIYo,male,174,70.8
TvPLietnYNztbsCXuzZoZQlAFfGmiZkfW_EM4Qzd8Hc,female,168,56.8
59bc276d681516389ccf4838,female,164.6,59.8
MTXbtemM3j9GYgqgOkhXXNyNs1NVodSfuPageeXGSXk,female,170,63.4
Yh22y8IODiEOzkqcbn5wAXce0UTSvGGd6Tm2WuSkGwA,male,169,61.8
ALq8LcExnBnHix58FvA7d3ih7OuuuutlokIyPGjte1s,female,154.5,47.8
LM-bO680RqJWmK95UoQxB1LobNP1ZjgYH7MDJOJJxac,male,167.5,65.9
234g5fOQ1rGjBgBcFi4YI0yuZ5fjLfHmqsYCWs31amk,male,177,67.8
9Ltq8GHN65IkHZN4ivszslPGuydQhRqlasJyfRcynB8,female,151.6,46.4
9fwKNnUqd4aChCfMqkjFnj_Rzk_pU-UrAb1ew4XoYW0,male,163.1,62.6
uO_qALgHkLxiy5tnJbwoiRdQpWO7uAdVNfIcPOzdLho,male,182.5,77.1
4z9kqRwkw3EEXpQm5AQj28m_K4HzCJi32K02uiLQ_Sw,female,160.5,57
8PaJAtXARTOyCHcL_MaqL-ZedWtRwNrUNJwEdmsqZDU,female,154.75,53.15
5xeQ-uqP6BgtbcnLsHxXy5TkKQ_C1BMlVC-QZqOCWkY,male,176.5,72.6
82t2wzhvpYRd2rudDmLHb-gjlDhOB-gpZa4XCmeD-5k,male,168,61.1
b16ug50trBiVBhO5sDcOlQMEDAwPtoRsOHhEljfHcg4,male,170,62.6
_sM9FNqAgLypOnlQNwAy6z441MNab7HyGq14jMpDabc,male,186.5,80.05
SPNzQXP6J5sNtZRUepCJSwqxWzJrf-oJlQYaASJQeRQ,female,162,52.9
wzelHnijeJR7FMP8UAwRHF40JQ-Z9EWkpHSa5MgxcPU,female,171.2,64.1
TFIecvIbX-tK0pUO3SJc4RL3hHQ8ybyG6IIvoTX5Wl0,male,184.5,73.5
5aoCyghZ3fcYFvdtisw_9R9F6gKFYsUgQHnJrNi3mco,female,147.1,51.5
rBm27O5ZrP9rBC42jUthUitX75oq8ro6WrJdzyjKx_g,male,181,70.9
6dgaZt1ui9mX2B_vimJ5yfk9S1jGnYvmLavPlN3bWDE,male,171.5,63.8
soXWSXWzuNg6DNTf3hkD4MDkxGtFx-78TcSQW-9HcC8,female,160,51.6
OqLpAk-EBo2DigLIIYoSlGrjDjh-RTYpCfUDAyV12Iw,male,168.15,61.3
u-19n5ZqWqhr06xLR-DOLpXuTZ45cUnyQKTNCI5HuYk,female,159.75,56.4
1nSApcOD6a09iy7U6DOEzyGvDHe9c6-z2lrg56PkEww,male,172,64.2
Q8EWvJHo7ZjvwLJNpaJxCxZAky0rrnvcmYsTvGSOPFg,female,155,53.2
7VkUDq6eoe2eyJvVoFzQ4kvNuwMADp2pfZ_sJjy1GAI,male,182,76.6
RepVnNXP8Ro--nW_dI7-Mzee4h7Uz7Zm2iQjOdl50Q0,male,182,76.6
aKB0RnP0mTI3AsASzVPKhsZqvkJrAFVqcTwXTCCWojU,male,166.5,65
ROnYLg06pCSJ47L9kbpeqFAMv8uY2SC0csYHqPwlvUI,male,167.7,61
XEZADDKDBLJGE2CnGdVG5VddU29ffGpipjQ5QCUyMtc,male,186.2,74.85
OxK_g9JOUf-B_yRb4AQliy76liI7Zz3uhIW8dbpOTQw,male,168.8,66.7
8295UeA_WBf3kSL6aaOPEdzqyYybkjMWPlgOy26WnE8,female,156.7,54.3
qj0NOy4kSIpFvObGgE8skb1QToexAhxbWYMp1-UVgX8,female,161.5,57.5
K5Qvjusxmth2q7VH-3aw1m0DzCU3KUZbcXIl3SAIdaU,male,163.9,58.2
HzrSqvrAMyVOWeRXPyWhFSSXoRnsCNpdNHbl-RW1o5Q,female,165.8,55.6
lboDkkqmFWE6Hd7B441lqe_tT2edIVK71nk-nuYJ_CA,male,172.5,69.4
DCmj2JmoHv4tUSv4DJVwagjX6xlF7R_HOPVY_qLDciM,female,154.1,52.5
G0JQDSEOFc82uzcGLgqG8w9ILqIp4Ue43akzOWs-KJ0,male,170.5,67.9
SqTmoUOeRjG1RbZSxonfRdS_8B1Voibyz8Xfwl2JoUk,female,155,53.1
XamuJRfS7TbUL9xuzcC8WPJd0bcYi0IL58BCQN8JYZY,male,180,75
AgS48Otp4jBlbXCuMT4yzzXXIQprRt0tzGYCI6cJ1FA,female,168,57.1
MDqQHenu2xxbf_I4_Uo5YARw9wxHCXDSQKgC3ZWHyBM,female,162.5,58.1
j5ZQTc3egpjSyxfrcbPk7BrH4xBHq_obmQYR6URiBWU,male,166,64.5
KUNSraIYDWHRcL691_W2GTTD0xKejJUyZHVqdQyezaM,female,171.5,64.1
gAFJ_eBlTPO1L3oJ8cwt6BjuTI2yYCbLZmDvT5wn9LE,female,156,49.1
CQTWLTURUfrFSLu817NgNE1iiCTWgrsWsRxz4ZU61-k,male,179,74.2
gvFN9-oZ1kTVAlIyBYj0VsEMgoW6NojEmFUY1cB83lQ,female,154.5,52.7
VF9pumeaSDFTvECpCCUuDxIBHBxSJo4RBKSD_rdK3xI,female,157.5,54.7
KfJBoub1UVszSENTWNIsagcvwmOw2kit8FlHE6vdDgQ,male,169,66.7
XQ9oTSilzfX8uWF7Rag31Id5EpP8gwWa0S2VV9Zqu44,male,180.1,75
h9Iv8yUNjdiBTby36_NmjHc9e1y_bo2R34lgZW7EVOw,male,189,81.65
d1WLDI3NCUrqzgXr5gPLsIQAsnllGwuegVQZHJENrTA,male,174.5,70.8
THUIi-yI_DMbICZ5Y5MQkdUrNBlEn1rP7WoVbMOk10U,male,177.375,72.95
6U7cdxwjQPZ8HMX3IQ66wLplGicALdww5a9S3WBNtpA,female,168,61.7
Ui_Dpv3jMApR72n2QtS3X1QSc5yCx6Sx9J0V76Yt5zQ,male,168.5,66.3
L5hyLcjEUehth3dkw0b_hcjI6YWRayLrwwg9Cv2G7Fg,female,171,59.2
1KHGLs9WZ5DC5OlRtIIaOS8al8ZWyNHaceOQAoQOY30,male,158.5,58.8
8rkvskkBe0lcgqJ3wjmSKgoGIAz5GCebM_AlE3W1nh0,male,172.5,64.8
MOqbYtj3KR1NJkIQUzq-XXifDNs8yYgBo684NtXOzzo,male,180.5,70.8
5KBMhpOPpkOVbNI4EHFH3PUodOyCzhEH2GqT9SlX9JQ,male,177.4,72.9
gz_EHhI5Chmv0cZhqr2LV4h7hWIFSBFVml9Nbd58qxM,male,177,72.6
m2Z2lux39g4KvRFrEB5ZT93C6Z2l6ZiXUDnVqL3JDR0,female,155.1,53
zaGYbH8QUOj6VhRSv2ibTYSKUZ05kNNObVcy3GTtOsQ,female,174.5,61.6
ZSmcI_WiuLj6K1aLNTy0YGyMx64G1CtARXwhwYwVhNg,male,171.5,64.1
IhDJdQLAqc7iFAtk1w3TvnMiaZViF2KeqrZ2-Kul0Ks,female,159,55.6
iAId7twJViYUsBFd2uVqfBelqyHlDID2sG1XfGguFHw,female,159.9,56.2
cW9CuaPVbwpK3I1tAfdxvXBqVxfqOng7igmvP1zVy-M,male,175.5,67.1
mbIqw88mdJ0jLoDKoLWng-VdsE3YW3oncjIckgb9dsk,male,178.5,73.7
9yk82zvknWTdeY72Mgr_csskhndqyfHzVO2-VLe9WRI,male,183.5,73.1
5Sa-DtWIegdnuFlkBMNWXCAiuLX9ghXrmsULAkjPSGA,male,166.5,60.4
4V5t1ip62IcSKtuK7qkTrk1d0nDXVf2qVARD7g_SNI4,female,161.9,57.5
oqyH_veC46ItEB8qeSDlvqg4-GdVD74zXF5Ntiqju_c,male,184.5,78.15
VZOdwErQEssn2GRi01V-Co76MIZb7JUCjyshSGFvTyI,female,166.5,56.3
tkPLFpLLTXN1pQHJLlKRp9ei3qB-rlFviG-8NlZux6c,female,165,55.3
UjvZMasZoqSqVVnhakbHto4-ofRI8W2Pje-D-5NcuHI,male,189,81.5
G2--3a1ZbnW54xZrzDhQDiV0ykwTVJPyaXDJqjk77og,female,170.6,63.3
WONQcdsVSwAdOGdbQ6TwU4Mu2vHCr3To_k1lFiQn7Sk,male,171.25,64
R_Xg4Nh-OYq6AJspZUtA0VXq04NHInTcUqlNXvVr1iE,female,167.8,61.4
CWZecj-GK2oAetSPilVojUOpcl48oPc6aVuYNJqJ0fI,male,171,68
D9g9ZKidKB3GRGYojp9GbcTQaZ3OgzV8uwYu9Y28OwQ,male,166,64.25
3hxEud0tYwP-4mOjVE_crG2lF3BeamokMusciuCtXEM,male,177.5,72.85
o-_gWQyCnze7uTFo_sg8XmTniRktMdxB4P0EGtKaMY8,female,163.5,58.5
27fgXorDJPfXnx9zZsB9ZKNwkIY9dUPGaGFaLKX4nKc,female,152.5,47
33kQep-kt5ANgw-ZuhiXxYHHKj9EgooiTmgbFXAxp5M,female,162.5,57.8
qdsEw-Dvb_xmFa6q7s-GuqdxNzWLX7xR7e3PQfehp4o,female,166.5,56.4
c_1UDas9yf7FqgqP9DCFj-eLe7xzmCro_DUwx51MaD4,male,170,67.2
inY_mR33JNY4yJzJZ5xwZfjlkUYiS9ZzFQ7VKbxGuA4,male,174.75,66.7
eobh4GkSZqjIfsl2yotyzV-BA3p6VSbviGaSzeRTmZ4,male,181,75.4
ahT7MEennmiPiDIj0sLEf1_dsYkz2sNdiHVxaYAClRM,female,161.5,53.1
9zd0Z9boKUq9SD_wczvUvpYqyEu_fSMDqi6lrDgXhXA,male,157.5,57.8
hlYBLwY-wUvLCWi6fGccF18xQgfPH6O55mBqbjlNjL0,female,159,55.4
LrpfNxN21F9xcxqSlyJZf0U8AMbWmV16j8m2andBg-Y,male,177.5,68.8
dmaVWureMDf6zGzvuffPz9SCsgwxBEXj17dfX6-ilJg,male,176.5,72
3X2oFHWpo2HTanPioa17vmopeDM_yVI6_CW5fAaQoqU,male,195,81.9
W2V7D9jBYEP2HOxd90RBHhoOYhg7U2aijsvn1YJuWKA,female,164.3,55
ZhiRUMDjqw1Ngth9OVvEs3Ww5a0DePs8Red70zbdt8s,female,164,54.8
Z_xb49kf5Jbvtr-nRI05H6-6bRk7LeY3ooxRwUkcmTc,male,180,74.6
qsGuLS0t2DexoLPkV8YHaP83ZOSZRpFyk19opV6sfrQ,male,189,81.3
g9j8ZQyw5DBZuJAB5unfmqJDFczHNCsOvSMI1LdWaOU,female,172,60.2
GNebjaYXMV8QAquMJ9OpnRBgjYs51iK222J87fnAzYg,male,175,70.8
4gzhVdluq4GEahFOrrRVLFhPRtaCNe6TRS0xydt5czg,female,158.5,51.2
XQPQgHelREBwnQgFtuYTglK4y1O-uOrnV_XD7c4OfoQ,female,164,58.6
PmWdX9mWtv6pOPuX7h0jfjLFLxlbiA7-5BonJDLNV5M,male,172.1,64.9
AhtPy8eUpV2vcLu0n2Ml3Tli0oyLRJqXybWmMsm6i48,female,176.5,63.3
wI9uiIebpGwG8SPPz4OvQbeNmnjoo9usVaFVBmE77KQ,female,166.9,56.9
o22WPLRUOVf1tlPThlczPc5xAAx1WMdRP-Xn_MhHUGI,male,184.5,77.8
1-Z2ZgpojmGFUzkcCbcse4YJKzOIF6LNchJsfy6laU4,female,160,52.3
Y_xxkYPv18Sja73N2MQ0jDOxFRHMiZsTrIZ6t5xuiec,female,157.15,50.4
AzRuQb4fUNeZNDybxcByCOcHQzN8BPYoOacSIuE50fQ,male,172,64.9
nMMHWDost2iUl31BLvWh4NSJXHyJYOwmCtahSJmyiSI,female,165.3,55.9
DO150kWLqQFZY4oWd07i0jg7BCyn-2CVxybcFrkRJok,male,174.75,70.45
ls9fUnK1573pT7Fyf45tVpKpCusT2RsB8UyhMmloWSs,female,155.8,53
ZrQbO5vCwItzIUPEaYJqmF4u5hKFJQpsMU3w2d4l0og,male,171,64.2
5rSctrSuzwYcwlosuroM6rtJGcvbPcxme9ZOuJwx2Ps,female,156,49.7
Mb3jqMAc-x1zRUhGxkpbGYT-zSWg4PPvzVTWtPamncU,female,165.25,55.9
vTUMTWfXk8YXmiaksxKYyFQNIi0ThhUPaIoydVb21cY,male,175,70.6
7orpzgW2VdIPb7Fo7K4RGK-V3AtRdgQdr8XhxuJyinQ,male,173.5,66.1
tyssJGCMBYb9oc9HA0srm3Wn-pmvkuZcYOwGJZ-QTxU,female,159,55.1
okmi0_4jJE4x4oUzQGWqaUr7qAXVZmr0M0sWv-wRfCw,female,156.25,49.9
ARfS_g_SLShf-MC6iRRcqbVYLj8XcaIMC0f1HHttn1Q,female,165,59.1
wJ6EIiaq6fF357kTbqLVwrFTMl8jXk0rjW4MUbmJDX0,female,164.3,55.3
W3FOvAMFzRvX69f3yEiJx9I9ZfTBVn1258um2EFnZeQ,female,157.1,53.8
KY1Q2Nc-yvVUEAKwvMMmeuQrSkSgRsQJODlxSLIncyE,male,176,68
TfE6yAvo7J83eJR47_Iv9O-elKbAPbvCbsEykF-GyoI,male,176,68
99rCWDsiu7BmmWXnf7NmjfD2FXdXJBHckHavK5uW9hM,female,159.5,55.4
C9u3gdyg9GeVZrIz7xVpD9lKdhg1AKmCuML3iVjJxs8,male,182,72.5
gFbNzyPb2KlCUleWkbVt6EJPfHih0db8IM98FlbN3VU,female,175,62.5
9Jcfu5TiBNhAQuyvzg-vEbQrKnq90fAEKiS4iY8sS4I,male,172.1,68.35
6MP7BRnpZvShtyTR6BH1pHChF47m7ePY1qc1SVTzdOs,female,163,57.7
75Z2zBnXoiRnHPGOtP6cFY6FYYeY7k8Tyh_mg6UOMCA,male,179,73.5
iZp1TSwjH76ryDe4NzXD3zZYZ_KDqkTP6MRqBLslvrI,female,153.15,51.1
9mPdGPLxTxIMgWJUqKBGAxM5MkQW1U-W4Lja23hvvwU,female,166,59.7
3aHFd4mFwyX39yx0F0TkXJ6UozmoLUnbf_Zlv7ARHAU,female,179,68.4
6hQEpAyrUfCQudE4eKvFP1w_0VuqsO3PeA4xnmk_fhA,male,169.2,66.15
5Li2x2DhznZOejXxWW2A17_zLn3imkjLXfa5WzvIeUE,male,171.75,68.05
NRix4qIfHXJwy9P3neEGfvsHPAmqyGbqdV8GnbE5Tus,male,176.5,71.6
r_M-e-dMjS9OIngF7UjeJnmTDwuFUh-8Qdfz1B-W7X8,male,180.25,74.4
R8TAI3oDN4eue22DWUjf6d5aU1hYX4gK1FnF5-F1CtA,male,172.5,68.6
5hTWxBMgZSl6g3hTr1NOoyNhQ62tuBr_Zvrqbp59UgA,male,162.5,61.1
oS_C1MttlvoWAwgApjtE5SKqUsaolFgKCOnaqaBlijY,male,159.2,58.6
9WoMeNOm2dWQm-674WB9tuwuzbdBMsQja7XA2JgR4ck,male,197.2,84
4ETJJKC9HNKcvTvC-u5DrkNO9ia7tsMZdnpvVuU2kmc,female,169,58.6
qeRW33RGf_zYM3td6IuiK2CDD_9-kpNG12W6DWZ991A,male,173,65.9
KrH7eR84pfuQ6Ltqaz9Y56lZZfl3veVlIsUHfyNLGs8,male,170.25,63.85
SU8ajtC4J0BylhJPVO6XHvhNND-cN0bNSyioea-I1r8,male,189.3,78.1
jdzOAe8rM_L8GfeiqwYr9xgWfIuoC7G6TmENCBf1xvU,female,164.8,55.8
8rXP3LvC1O-XRy-r_RvlCDR_6TSdtYQKaDfL3J8ZCsA,female,161.5,53.6
ZhsVRzpaQ-Y5NcohSeh2fzSisfrk4RquaSLNy3FZxXw,male,178.5,73
igR2UxyMOcZV8E2hxoVHsrJDwGEv4mOPcIYYL8kgCA0,female,167.9,57.9
jdhg9PKmWBxkNy650MTXu772t02kM12qnAqhuVe8vKc,male,179.5,70.8
eeu2YVfRnEjO9xiVJcnfdYoBq9PQnhywDYR6jE3iuWw,female,157,53.55
VWGaeW4ZpPs6vpLJuTm5F31ZTiy6uytwHmWmwPx2fF0,male,168,62.2
t_z08NlVzfrSwudfkajr6oQ6Ba2O4h6Xy31nB_12220,male,170.2,63.85
lUxLaupdCSzNw8q4fe14GroR2HfT3VHUrsgXRzrxlTo,female,156.5,53.2
P7PpDV6HKTYXWgAL-1kAoYYPIrFdsoOAa8Xl7rfXUWI,male,188,77.2
dx4U9AbZLiHj6R0G_NVAZDWQyZYuhiR7AstECCFnlSs,female,160.5,55.85
ZBxQIUTRT9IZJ2O5m306CNiiM4hbKU3YtdHVfzOyfko,male,180.5,71.6
FwAVG7nOPd6T1uCC4QKtEfaDCf9KzAoZatrGs55pMFY,female,149.7,50.4
IaTbCFs4sdnWmB8bXOiGcUq55LAW3OvrB4QCGvpVjMU,female,174.2,62.2
xnQIR5LnabjOmeUaRTnWw5ZrUNFbPAdXtagrBEqeDcE,male,180.5,74.4
l5EVWtfrpHCHEhPFyIVQ4ukpQPaWTCD4A8xKKWVC_-0,female,167.45,57.7
Bw2PyLbuifFyXit6r_6EbyOjNAHUYU6pi1NpbF5_Xnk,male,176.5,71.4
OuqGc3iTumHR0ki5YB_FgsSlcIE4r70wUppri1uf9HI,female,163.2,57.6
srU1eubj5ULw4Y7MtBKwsu2tWtaUfME6nFF6iczt9hM,female,162.5,54.4
o8_091aPCfhmP8-DLu5nr5RXd-uGjUUZSX7Bqj-DcIA,female,170.4,62.4
mS42ublMqtTjVWM-sw8on9NbezTgnSeBQSqv7IXUOss,female,156.5,50.4
2t8xZI505mJw9HCHclITVY-r_VodvW6VubTwdxOihTc,male,171.3,64.8
fXGd__IePZib86LwRbqUjSqYohYbZ0-AVQHIM-NVhI0,female,165,56.1
xUJD6pwIk3G3gwoDJV04spXq6fmrbl1jdbowhPrYk8k,male,177.5,72.1
fvqectXDzHYCNvs7Qe0MbuYcppwMaAzkcNTbJlrVHDk,female,168.5,61.1
3fV__g7Y3uKSeOKgi9SPbbas0V0kidmnE4S4CB4itII,male,161.6,60.2
wzwVXZAO8tOG3nnjGoThbsv99F8lsarVgpB_bXMiTo4,male,173.9,69.4
oMB3E-44PX48RlnlBdI5NDIZr6gNJHUvT_ttGa6SGi0,male,173.1,68.8
R1D_E6s-GP4mOhzN9yvgHcF-8vXl9GVKmbq1XL_g5_o,female,160.6,55.8
7BFmq1CW-D96zSoH5-BbWCD0yYxDoQBXGFUMIOVzqsM,male,169.5,66.1
hmYxW39dKkjA6Un1wW5rzTdlT-pfUWyHwnAzQuDRZ5o,female,164.5,58.4
pencMfrIHPxVhUCSU46MG-GTnQQ2Wi7TADySsumy80E,female,167.5,60.4
ar1ZBYi08jgVt4YXjcmSLIyjF8WrnbPa6z4ANSX5KAg,male,164.75,62.5
GtQ9gP3Za_ZIVIfW-ZMOlEQIafEsUG0g-1U2UbnnD0A,male,174,69.4
bPt8_7wDTzCAdQrWWxgdyMntD60mmdc0K5qKNu8RR7o,female,162.2,56.8
blo8SH72yux-Yb9SmnP4WcN_94yo9OwgUZLxhb6lyOg,male,175.1,70.2
vNlwWGtfiLjEZWc0BgWoeM6Bcbr6ZtdORMQSCuEovfI,female,165.75,59.15
vPGGI_Lz5wep4ejoZaE88tytVmP1T_qOEZNtcjmxwT4,female,164.2,58.1
IR9AoadLFZ8kAWZ6HWZAC_RTvMzMnqb8NnRZDUHIA6Y,male,177.4,71.9
zmRG_1E_Nn8ySy4abP899E_O-HTwWNDrt0Me4kyaRm4,male,163.9,61.8
taY0el3_XhjW7ijwqSr1qz5BLr32IGP4RnWVV54M6mw,female,161.2,53.7
wTawr8HsdMVLaNEu2ZOTHUIRFivR018bEUH54zGumB8,male,185,75.2
4OGlvdnKlkPp7rdGBvsR8jUAkKOQ2i9UZ90mbqjIBss,male,196,85.8
AjjB843zmMmQX4CfAu_mdS4mOj005W6mZjJzguc10Xo,male,178.8,72.9
kpJsMMDnIW0Iw7oC5zZySsWphjLg40e1PQodDo2j_1U,female,158.6,54.3
CBvOOoEpsIew33mjzFH5NNwXsq88i3SjVq5Hwj83vw8,male,186,76
MyfWZFbdaoAyalT_KRfL_POdoeNK5jBv71Dq2iP2Kno,female,165,56.3
xVVI5tmT-bXqckfISkHkOJJRxYvEMcoifHlX6gYmDnA,male,169,63.3
KBUxJlqCTBFlf0CqseleLcojg9FJH4ZwOQpLLQElx1Q,male,173.5,68.9
96LtCRgHuVdWN4VIvc2STyiKSLUPLDAQx5GcgbOQXgA,female,173,63.9
hT5OLBkxFGOwz0k5698gB1lUhTpIkc_vHyBA8Ca1iZY,female,174.5,64.9
CMPEl1j2-qA5LzX_y6_NgQ5dlvmYZule7DU0dwawvRE,male,186.5,76.4
WiLlmi5NWoSW3MbBNMNt7ZmBu-wivficyavg2i4ryhM,female,166,59.2
#NAME?,female,182,69.9
4O8aBm6WqK4iZEWaVSE77na_BaO5FzaUWq8yTrb-hS4,female,171.5,60.7
OEVYdNtZzji0-PRO4EFc_6Q_ValSmp9OOEMJylOUfOg,male,166.2,63.4
0dkJQu5l-VuhdjnK9sLKG4_uoOdje8saucJ-hKNZ6JA,male,168,62.6
59bc2765681516389ccf44f7,female,165,58.5
IkyccBea5QhAAGKh0beMSEPTd5dSn-mS0WrB89edmY8,female,175.5,63.4
9LOvmRMbqtYCq9Jtlup3dS7xmEidwjlTRwAFr489UF8,female,159.5,54.8
uc1Re61ht1q4VOQ-3zxfqpcHB5S6a9Xv5Sba5zlfCus,female,160.7,55.6
oT7XIx-YigVXnuotaCPDB23dc_zQ6hb0UyWUf_Y2tnk,male,168.5,63
3O9btgqdy7RllKtquu5GJakJSzLCiZlK7mjps2nDB7s,female,167.4,58
H-BOQIk-p4BUA9aTSXwPPf32VpCrBRWxHaToTc0_oRQ,female,165,56.4
S9Nv2Cy4a9bOgizxQsboycFVmZZROIA22x4QwiRfPRE,male,180.5,72
fNCOPEb3eRNLm061I1hzsThiLSHHdsN6CYo1mqmjxjI,female,158.5,54.1
9PN2Hyak2W4F0gdWq0Lzcrm-GnEn99_8fKZCbiel4VI,male,173,66.4
59bc2767681516389ccf45fc,male,163.5,59.3
#NAME?,male,172.6,68.1
_GgXggxtTZHMJaQ-QMqtKjHj-yhCTKV9t7B932Dp4Z8,female,159.6,54.8
p6OY-E1DhH9SvcX_Qzm8cEniMCLJxRAWANGHBaikc9c,male,175.5,68.3
TCrzWF7EcyvrBbCU3rIqA3vv-wkBBnFpBR-BXZGOqss,female,162,56.4
SyUN7XbznL_hdItMdq9aDC_2Qt1BgkgQITNB7IdKPWU,male,180,73.6
vhwKWKR4nWlKpBiQxP1iKM7y7_URvtNrJMGwH2pLZpk,male,170.4,66.4
f_1_PpS5zJTfwdV7c_wdLRNRFeMVKc-ZYCKQzjRbFAc,male,170,66.1
nNupwm_XMGtXuPI0XoKClyBSW0F_x8ghtyggcx0P4Z0,female,165,56.5
QScXtldfJ1arhceGOcY92H3vhIyajsSdzOOCEp6zZc8,male,187.6,77.4
V0JG36keRQG-3TKu70Ld1BreyXf7fSPxXTO7VfH1cC0,female,169.7,59.65
1eyiZ_Rvz8UaYjXqcnoxSDSIOJNFEtE3wALP1pOVFWo,female,169.4,61.3
DO0TBM6hS6eBNP3lGOKT5r44h22ZNNvEsIpMG4PqGnU,male,175.5,70.2
xrH6w3yGFfb_NKebLBvPplwbxT6R0LVLf5541a4hfN4,female,170.5,60.2
N3qD-Pa-IRbfFudTncQZbBY1Kkna0y7-mxiFH8AcNv4,male,165.5,60.9
EiIlFN1kdDC4IuIIEaEOUsCL3sfvPUkvsRXER8kWg2k,female,174.5,62.9
flOHDS_DHCemPHEzby_5QJYwe8nU3q3p6fF68BOUyR4,male,172.6,68
EYCxG2aZTvf9mzPRA15QhSaxoXd_VJJ44jbWTwSYYbU,female,156.3,52.5
XPaYQ7o49xQ7tBIAY1re6nIrNvsp5F3Oej5tc1kjLFM,female,170.5,62
193hZ00YkXnJkiKzfa2uKF-9sbT7ixqG4KWzAPVvtXU,male,173.1,66.6
TEKyW0xeFLuNWII77xyC3bbGe8AylP5D14B-s2Om_QQ,male,179.5,71.4
BIF35RoJ4W76JSB5HL0sgDi6obf_rKNkxKcIQjmIM5o,female,171,62.3
IN-FCi-cwCWmJlFjgaVL25Lo4ZIk7hTEURYDqRzBKEA,female,152,48.15
8mPhEIhCWSuIlfJ3OXm7baWgvJrrODEl2QhjrwJ4UjM,male,180.75,74.05
EHvGjGPbMe-9c5RQM9QVBebxCQhJ3r9Ic1RnQdCuS_o,female,164,57.6
LWmSj6WXNRmjBFn3XHudfNM3LZ2Jw0kSsv0naXOdIlg,female,175,63.3
ANcS9XoH2pvznx3fHddauqj8ZSRshkxtCyuPPA08d_I,female,161.4,54.2
JeRn9LIqbTw372zNLzoLwNV3ICFLHLy2IZh08uDBAFM,male,183,75.7
sV2bCzbq3Km3o9m2k5DndlwmYwylBErPqag8rRhOh8w,male,180.2,73.6
XuM3SKR54GXLjDZVb4yyD5GBVte57nBqWiDbcZS2798,female,164.5,56.3
thTDLlx0MuTg3IqWfgAJQPPWksOt-6n3bnTpjJiuUrg,female,166,58.9
QVqq2Hw45tSfwmA9HO7AxeBnonmAaUIEM7yz8UnYktc,female,166.9,59.5
co0d6u57HACMwsmPG-Ijr-xDUrvpBRkEl3L_bIDrWHg,female,159,54.2
59bc2770681516389ccf490a,male,182.05,73.4
bv5BM24TYdQTIAiXow05WgedRo2huSkBOGlxlVIt2rc,male,185.25,77.35
eAc4UBuYWDs825J9RBHSvCUU8ZsVLfB_OzFepwasORw,male,178.5,72.3
gLRWSeb6dMtb4PyJ2oOWeJbCMR0rjm29vXEr3NLba1U,male,179.5,71.5
6lJyNO52GfSVX1FnaRo8kpKV7FQZff4JOc2Ikz_e_jI,male,188,79.4
3NqXXy-rq13kLzqPJL253KQvUdWlJsQnuSd3Sd6RQSI,female,165,58.2
sm5DOefQNnBRCVEsUVAvSZyhkEMTrcTwh3hFc2m8v0s,female,158.8,54.05
GEWn-MPLn3WOANj4qOij0sGoggtdTBgs7syRY0uXul0,male,172.5,67.8
wBNl8HpFrh4wxxJm-3LU1sbkM34RPMlF1qlBFb9FWhg,male,164.5,60.3
nba34fQdYxD3Bxj1y5BEd1fPxufvWVy9DhQtUfaIH9M,male,181.75,74.7
cB1LJQT8xAi1V-c-rFvxa8CRqUwaWEofqmVwNAQP3PU,male,169.75,64.25
4a31Z0HZ45WeaaALMQbtUVsSY3lsBcdn31D-NtXsLI8,male,163.2,60.8
MMs_PLZrw4WHD4-VB07Gvngcg35zIqnb2ECVjvNBcDU,male,174.7,69.4
59bc276f681516389ccf48b6,male,176.45,70.7
O36GvQdvm9ASza-DXBK3ccl-dGsikNceCPoSlbITJxU,male,177,69.7
zR93Dv0ufOhGfFtrHxUthSgsVuzRNlpav-GnIY9bXkc,male,165.5,62.5
5lqVSo7SYRUF4NpANtJ40yI1p40uN33TvH0k5kKXEG0,female,150,48.3
_qSLVGmt40QMbyc2-29BlaFANus9R6YhfQj7oZuMJo4,female,164.5,56.4
t1LgFtJQwjF0iR-F2AVrdzeNojWERTSEnwPfxDQwfkU,male,173,68.1
59bc2768681516389ccf4635,female,166.5,57.75
HQb_MpG23dZdT6BgWqDOb5Osk7vO4J8UmoH5wRzN8vY,male,169.8,65.7
EH-2ZQu7BOe3EdDMU6lnma8I2A_IjTFG8k0XRL3KABo,male,179.7,73.1
3DHVh6yH4O8Yxk5pCf44wqCFmoSfAeKW5YIorkkBRXU,female,165.5,57.1
59bc276b681516389ccf4772,female,163.75,57.25
VsiJfD1bRvlb7thKBwmHA0K49XJdQo13c8XIvacYLX8,female,165.2,58.2
tVXeCNIuCZXePbPiwmPWaUWgIaHLU_yCxFoWUn6T-8Y,male,180.5,72.4
gr1bdyPSd39J9DjfhT4jKHtLR5r4BEmLALNMf0_Kic4,female,161.5,54.5
tjR9iE3QtSNttTqJPH28TUHKj4DXuNznzeziAR3t1Ko,male,183,74.3
X8KiU13fy-6-RBYbFhILEDl7ebVX3D4VGVVHBXmM9S4,female,157.9,52.1
eK6B2j-oqVYLvrMxZs7P5QDCWM1XxRB30IfeNv_hlDI,male,166,62.75
Bt-NL9ZT5GZxAuA8Xd2pI6oA3ZnjyF5sZ47u3KkkNGE,male,164.6,61.7
C3PIc8UwCvz7hHumkLxIlHqNsGb9nT0IJ34SeXGwjew,male,174.5,69.1
ZDJfjgwr6IbHhwMp9M7N-RtFhGdAn3_wcp46mWWuao8,male,171.7,67
59bc276e681516389ccf4871,female,156.5,51.2
h2KiedXPLm4R8tqzxd3t9Q8GE77z1QMHtQCQGObkMzs,female,153.5,49.2
hGgSaHyBt7a7xEgYBWqhBjRr7XOtPmII-whSqQMTzxE,male,176.9,69.8
d8kAWxZMRdnHRXcIU8akC0q2BCpzHElm3KyDjAgV_3c,male,163.2,60.6
FWIpJsIE9XnkEDUdFDJm07EZ2PhHuNzs2f-MJWog-zM,male,180.5,72.5
UC1I12kxQeO1gqcJ0WoDNe108hjucXhn851HyEXzVFQ,male,177.5,70.3
zEfVsePe7jAH5Sp23gybvRDHGq88LOP8Yg8asBY2Dec,female,153.4,49.2
EDxCRFGEDIz3y0Po9KOn_bb2ehChgvksQ9rqfGDQ3no,female,164.1,57.3
v82IZNN3sKt0SWeSUQM7c4TOAsem_w9oplTgAyvo6qg,female,156.8,52.4
#NAME?,male,178,71.6
LFcfI7v5U-hNVB1MWf2DyOtRrcv_4FxWEkvqawrnVCc,male,178,71.6
oTn7L_Kt7bdAz045HTeD7Y2ttCliS8s4ZEbzic1Uj7g,female,178.5,66.9
QGyEU_F-3up3kln0_3lsdpz562p0ad8DRgCzf_iViGk,male,178.3,71.8
8lxaWmIA2HafxRaIenM0WIV2MrBYIF7jB9A3rU-Ewq0,male,173.5,68.2
7KuyUFbS0pv7tYKNBOdclSFLnM8Ww3QycBqrLugWQ9I,female,166,58.5
n-Is4aWHtDfGrZqpwWVO7YjFIZx2yEw2oyt9J8kCks4,female,156,51.8
ic_H1vAwhyhu8jurY__s2TgnwYZSHE810g3qbgJEglI,male,177.25,70.2
r1QbDZDoHtvpjsh3VrHS3khZg6_tDrsNZaR8OsoT_So,male,186.25,77.7
q7AXDs_MHxY00kv_zS7RiWNhO5PT44Dq9WdTIg4vJOQ,male,177.5,70.4
_XX21X3rkVOkh-zaEoXpAOzIe48jehTSbz-sUGxhLXU,male,168,63.3
H5BXpapkLoKPOIalTu6xdBS3wVpWYsBDKGhIFDs6-MA,male,182.8,75.1
BAd0xtOsH_sRg0JKio9izgE5u5nS9-FNc4IftcfLDVY,male,173.2,67.2
6GY7MGgcD8y0dG5ul2mm8JrMe4nkDDvvXu1ZejVL6L4,female,159.5,53.4
QsfW9r37rNEuvlI7R89pMY3WbI0itD-PML1D28QCAEg,female,159.5,54.1
nNXq0IilU2cZKESnWGn-mUPihDLruYCPSvRXfQaaV8U,male,180,72.3
59bc2765681516389ccf4503,female,157.1,51.8
eonoXwy9pT922SStHe7phTF9E1OmovMGwf4MRYSZ_gk,female,161,55.1
fhoVCLEfdAeNjmGgLycsAVQemJsS1YVm35I2w3Z_C0g,male,172.5,66.7
KCG4hvKjwCe1hUSKH85GBSCtH0PdZvzTbXqYmr8XjQw,male,185.6,76.5
v1iwkawHa_mvcyShDuvDxHmLngn9qbkak_27bN022NA,female,171.25,61.95
yZU_zkLPyhJZVu9TszgzRx5eBR1gqAyaRarQj5M1b-Q,male,174.5,68.2
ciLRduStcoRnAQ-__Qs6QLQWSGY8dxjjK1d0PyYwF-Q,female,160.5,54.1
Hy31xfPOxuoBInQX_sziauZLswjtbSy3-mVtPjcpt5c,female,173.75,63.6
wutFWbhih-orG3VCpSMZt-I-xZoTqfsFuJUDON0YUlE,female,164.5,57.4
lcbLSCufzIJ9vFTUNBi49vnsYb84DQiJlrX1v6a2wqw,female,152,49.3
nkdZDs67o3e0aM_zZaUqTtkeEM60_ss65FaulUeepFM,male,169.9,64.8
BBb7iHIhdhoi02ZQMSh-dEgl8LPlIx7ZB9SoHi30RiI,male,173.1,67.2
3jslvtD5_LOEvSftuCbSHqqk_t9fVhzp4nGUwkS_ik8,female,165.8,57.7
hp_iPWTohmd-ODH0MNibX9tib22G-FJ4OdnSHJqhPio,male,181.5,73.5
BdFJ6S4lBl4736lPf9jCcvW62dG3MLjVe1wmgozKwfE,female,155,51
JcbwYfgh9SOZjvpMdR0ZJfhL21gnv7rVQ3obwyGPsSE,female,161,54.5
8UQcii6gOsAZ8HUKyvQSY4pNNig85oyG7YWf8Pv24rw,female,147.7,49.25
RZGVhoCaP47IHpVlPgcaB8_FpevNIj4qwzBE3mqIJ-s,female,173.1,63.1
Yra2feUI-2uuD76XffsCRnFuMlr7G8G0Dt1P0GlZNUo,male,180,72.4
h5qYr_SxRQirhf-7Oqw30zv1y95gIFcFe-nh0I4vCdU,male,175,69.15
59bc276c681516389ccf47db,male,170.8,66
BudSKCmehLTLYkcJ3Rqgwlytb6Y9zez4iFh-Qs0uz00,female,155.5,51.3
P8HjcpmrkvjCE8bRSLOeAp0dccbVIhGqff_ua4RKIac,female,167.75,59.05
ysjUTkYsWk2w5-l05KpGpo41quzoU-YWRTZCrndNlLI,male,165.75,62.2
xmH69ldFvRNLGcaQLwW_bCUUU5H_GIuskbslCoMFw4Q,male,191.85,81.3
46VsVUuru6DhW_LTFsCi664FsyD9qihVm2HCBCR3EUM,male,175,68.7
6yjZK1Yx1DY8NMe6bQJ7276bu6ytYC6Q0EqlOyDDitg,male,171.5,66.1
9ZCT7eFSAxVn7Pk-q0U6mCUeQTkjVVgF9ULy7MVNiFA,female,160,53.9
imuiUv8YPQ3dlNu6BmbAghuxOMm1hG-rabvRQfDMkPM,male,177.5,70.6
Las9lyHX8ahvkOTjgNXmDsoVcfV_I00LIW5AiGjrD8U,female,165,57.6
6br0Uv77d13mO-1TaZ1tZfaabJ_I6d4wwTBKdXTJ5sA,female,164.6,57
gvTI9Qv-vBw1YWxXKa8cCivktkaSfS5Si30Hbm2hc8I,male,174.45,68.65
XY5IBUxnQ981n3UvFegHkU9lz5ho3m7QETaeJ6BJlwo,male,179.4,72.05
fFrDCPtjMVOQo6lhZX1j8YB4DI96KbJWvHj9Cfql690,female,162.5,55.9
VXOk0Gz0hSa_xh-GNz2o_qnPXriyWKoOKiCJEktL79A,female,160.6,54.35
zrydWW1YldsSPK0Dey0YMyjPCF0jOvwBTfofxzTnNQI,female,164.6,57.3
Qhq5WBZPQIcW7PhH7-lgUiX7qqU3fjqH1CD-Bf2j13k,male,178.5,71.4
D-00SIzv7YqJxQbnWSav0Mpc5tNuECWfkjuE5q4BuNM,female,159,53.3
59bc276e681516389ccf4877,male,172.7,67.3
UNiJMD29Emwoq3_ykdCVehh3mPaRpfVhbRP12sXgHhA,male,185,76.5
ZNNtbFL7l2Nxk23nni_CIa9_I9rdkqxjtOCoGKRkQ9o,female,163.1,56.05
TKll-RyU4HX19igR4WPoDasfvSupSAHzE55GmliHne0,female,169,60
#NAME?,male,179,72
#NAME?,male,163,60
dMMJpDQu0tntRZkNqPITTKJ6p8grMut0NyX0vF4pzw8,male,174,68.1
9Uwx1ge6eJ8d3jh01XWd7eOBM6AZ_YC2lfB9NYVjVYQ,male,178.4,71.5
evbmLnGTgdGrLQwykEt7tJyebh5S3_QoLcXsMYyZ0cc,male,184.15,75.7
uWNpWS7y4dopu_NEgKaaddY0E1Ij2OHO_HGyMEBUNkM,male,178,71.1
59bc2767681516389ccf45e0,female,172.05,62.2
c_RN0nF9LW71ZYJQnSp8mUN88GQlyQ_zc3QrUUqerRM,female,159.8,54
RUO2J9Y34xvK2dxHt2CHiRdfWwsZ5el7VQMIuf_FIJI,male,165.25,61.65
X8sPQq2DiGRGqQnhd9-T-hF-NpLLBPgXIxgWOBdGgI8,male,173.7,67.9
b5Z7tIgVJTK8Y9EE5EN6InOm2QkZ8qa3kiIb2B1DvDk,male,177.9,71.1
WkY6iDAhg3Eh1yJR8r8iqXHcB97FwlqYVc2al5-oTBU,female,171.5,61.8
f6YHzuyvYmsyWW_ymqXmA_nbnCaSh8JxKKP72hyt1Aw,male,171,65.9
5D0ey117hSU15IhFwv_AMoW12dWLH-hA78F27-tMvGk,female,161.5,55.1
CigWnxFs_t9NJNTzq7PMdcO6162RK6ETpwLtHG31qbE,female,164.5,57.1
0xWjwj_aCohCfNcyM7YqLJOLuJlGUsbKftfSUjwaHys,male,165.5,61.8
Xgshyw2K_FeeM3GNCyfoS5pJoTNIfEGMf1qKQxiO5YU,male,178.95,181.9
be8CgGUva4wFWAGzIJyfHXyYyZxcVMUK9IXmJ90JEug,male,183.4,184.5
59bc275c681516389ccf41bf,female,157.9,156.6
TszWqWftIyEOXwJ4495NROUPn2ui88j8RdJrMy5eFKk,female,171.5,150.7
1obtJV-1XLXVJLmVLYfge5Q3Tj6KBWRz5lCerwj7hqQ,male,185,159.75
t8e5FBXCLjG2YndD7s8U4bOme2PDNMrXqjETMJPc154,male,178,149.6
59bc2758681516389ccf4071,female,159.05,131.1
T0HhbFzQ60gsY-H0qpRQ_jECuCQI87t72Yo5A8thRMI,male,183.5,149.7
59bc275a681516389ccf40d8,female,156.65,124.7
6DyKMxQrUO8OJstSulWISLqB6oXt3KWHnwMacXGfiDc,female,156.75,124.25
rp_bxD01AdOZy0FS06mBgDSM5Dl6OnRh8IhfyUTeY04,female,159.2,125.3
59bc275e681516389ccf4248,female,174.5,135.2
59bc275e681516389ccf422d,female,157.15,116.95
_x-J8YMlFxdNhTxS7CgWEVrwalRrh9fpCt0D-_22pq4,female,170,125.5
8JjFTu3rC8kbvRBnU-bPDeDSrLxKghNWrntdXKv5FCw,male,182.15,137.65
GldAW2Eejab3EXj8xHMXbKx3jWxkUD6SqNszUe1Kkvk,female,167.5,119.45
jco-xL-ojiou3JkQazEJeWXXRpdKr6vTUzyqMsHdXVc,female,162.55,115.8
UueDSYaaKwwE0UEq27l9nzA6p5xEn76jwy0yla549PI,male,173.05,127.15
JIDeRFzpDbcfojQQ6lmOZQMRkTWTOk7Pat0FtOpYyB4,female,178.1,124.1
59bc275c681516389ccf4171,female,158.75,109.7
R6lI4XrZv80ND_JSygPq0gmxy-AJ3FqmuLPssZXEWrA,male,178.5,127.7
VHLIPbcRe5x3iwaZVF-ekZ9xkVnaQE37epSez8LaHpI,male,178,126.6
BzT7pQ7_8gIZuqadGE7M2TJT_LmR--lXZRnZ6QKQl0k,female,170.5,115.7
otv0DP1zrEXrxW55YauWB0pfe7NayeXsvMyzJFUmwfw,male,188.5,133.5
qS2_LwZ498JjhCo8GH05WxJwGZ0obuoTjp3ZbGZEKWo,female,160,107.9
x54NmPF4cjmqTnA9SQHIL7zgFvkWMNIZw9MebTrPTn0,male,188.5,132
Z-g2MFyi63K-yqzGH-3_zgDuR0ceW84OSOoGZWbYSD4,male,182.5,127
CvOfSHnVlyG0_I8VeK9Rs5VsGk0HaOAHI1evhHuIvTc,female,164.3,107.7
G0ilgccW_OJkq0lraQtSuT_anU-idRoxUedr96glmYI,female,170.8,112
Xiq7H0tR2jKOsenxgZ_sTgGAzQ67--ylXN1BuU5WMdM,male,175.8,119.6
59bc2765681516389ccf4551,female,161.4,104.8
CBrJEu7fU9HXJOmfRDmx9NjLqMjHBnhyyXhyR6aDYNY,female,158.3,102.7
gq5TL3FqUYvo3zmUkYEPcq1MDM1zyKyP6AvpkDkN5-c,male,182.75,124.1
59bc275c681516389ccf4180,female,160.3,103.4
qMSCpa4ImZX2Xq_Lxv5Dk_6kC9ky4gHUuXH-B2vJ0nw,male,177.3,119.7
r67a1MX5mFytfJ6cLSrl30wQyc19CYcYWr5wuoz8GV4,male,172.5,116.1
zqMxSbvyEBwZg0jFcfMR1B9fAq86pFKwQuOQ_Kjz_Lo,female,156,100.4
ywu7NoRMwxOcXB9tQxzQzTgwNkxYgGDaNan_jVqaI6M,male,173,115.9
L71qKO8OfKBmm1Z7R-XkSlh6-sUkbfN-36XlMGpabXw,female,169.5,108.8
1zV_8OcOolQ2Lfl_SQut9J1viE38kW9FW8Qz7ztlxIs,male,172.5,115.2
SwdoheNdtbyXKHsPtVSV6G-OOC3MuPRGDwlN6zqYhLQ,female,174.5,111.9
YuapuxxpDZqKov-vAinXdgH-uPBI6nXC76DZ8gBfVmo,male,174,116.2
JjQ7uHltz74MPCIommgBqYXJ2RvJWdqbPl24d4Z-KcU,male,175.5,116.8
Xn7NtaFEYyZdpRrtXOZi1OYAbNai8SzVNBNh-T6E08M,male,171.5,113.8
5a1eefd69f17b800040cc793,male,182,120.8
Z7FpMcPLaDwI4f9GtEyWYCCWgCHJ6aaN1OFzWMlTa6k,male,178,117.8
qKH6FInPqriy3flix8U2ftN-0-jcGKl24kiwk9ZTZwM,female,165.5,103.3
7mgSbfdN81TCQtwOQXhAGRssOOq5Y32vBIJDr_uRE8g,male,173.45,113
XyC-42yzJtW5_oFycRwQAdJjJnXQZQdSdSqcwyv6NCA,female,172.5,107.4
BN5HI-Z_2P6YYrmnCnCxuMkNIK4gXS98XmLvD4GMLwM,female,156.5,96.5
5a1f033a9f17b800040cc7c4,female,164.8,101.8
59bc275d681516389ccf41ed,female,160.7,98.8
59bc275a681516389ccf40ff,female,163.75,100.65
59bc2764681516389ccf448d,female,156,95.4
TPVBpaYELi7ENqmqo8NHztlKE0bYPQNK8mflHJTIv_8,female,165,100.7
SkFvQRL3yL17aFJkb6GvdhrubzW4I2nvNAhIZ4JkauE,male,179,114.9
59bc275b681516389ccf415f,female,166,101.1
59bc2767681516389ccf4608,male,182.45,117.1
a-H1OgNxOqXwXvD_Jg-JNYDUgS-PMNt5pngm9qcmivg,female,164,99.2
KiK6AcGmaLEwt7mZeZwVpBhirsxCI-QYMA4jBbg-MeE,male,174.55,110.95
4SDP5mkpDsFjc0zFTzxpH2XBbhJ4giz1XYhc-weoWaM,male,189.5,122.1
GRN_Ut9EV6Lt-t1yWaiH1AswixEAdR1YCoAJ5YW4Uxc,male,166,104.3
4VrBan71GIh6tSFfkZ5ZxCKB-oPJYc7zg2ZfmxRIXKc,male,184.05,117.8
59bc275d681516389ccf420b,female,153.5,91.6
aGPoP5addhEekZoCrreB0QhnZHUI2dhvKWwRvgrG38w,female,165.5,99.5
Ky_Za0ND8jBPfLFuDU32SxskrabV7a4v3m1vEZipuJE,female,159.7,95.5
jBEj27AHI5lyQmg5G-Ecna-VHLx6BnjoQJihBJIcpes,male,162.3,100.3
59bc2758681516389ccf4064,female,182.2,109.5
QjnGzy-1LuyPq1STjAITAM5lIyPavydwCFsdj0JzYRA,female,155,91.2
d8IIxfYkAh0K6SNriZdI0YWz_6NhefE3nzvLfIMQqaQ,female,159.6,94
JQmPkyFc0qT8MKjYXgb_CIdyM9RqtEbhHzmhbv1npY8,male,181,113.4
qUc9UKQvP2c1JVM4aDHOEkXlKASHf1cXEEvpw-jAlxY,male,176.1,109.7
7sOceDDQu_x9GG3g_KIVn2YCJrZtZBVQmpZW3qSajEg,female,152.1,88.9
0wqJ7taytlPRIH9JbcedVeXCM-qNjXS0lJNhCa6uAG8,male,181.75,113.8
vkHvQ67UHL3a7kq-fUCZkcjhWNCgRWnBFf36aZiyJ7o,male,180.5,112.2
S15tQ15Us0X6SmjBk8n1rSFhgtMbZ3kSb8R-ABuo0ww,female,175,103.25
EYh8j-7OgsvlyQvbcEHHJU7sY9yXQkn3W9PUZJPQ1nE,male,169.5,103.9
1TYQwmLcrqpxUdvWkRYWQi3SsbCB9gNLSkZPuGCLzRA,male,180.2,111.9
WNQyyeojkUOV5tQv_Ll1rcY4DmbtclEFk1uJgbZ1h50,male,168,102.6
59bc2766681516389ccf4567,female,163.5,94.8